Jogador,Time,#,Nação,Pos.,Idade,Min.,Gols,Assis.,PB,PT,TC,CaG,CrtsA,CrtV,Contatos,Div,Crts,Bloqueios,xG,npxG,xAG,SCA,GCA,Cmp,Att,Cmp%,PrgP,Conduções,PrgC,Tent,Suc,Data
Janderson,Vitória,39,BRA,FW,25-138,73,0,0,0,0,0,0,1,0,21,0,0,0,0.0,0.0,0.0,1,0,8,14,"57,1",1,7,1,2,0,2024-09-21
Lawan,Vitória,33,BRA,FW,19-119,17,0,0,0,0,0,0,0,0,11,0,0,0,0.0,0.0,0.0,0,0,0,4,"0,0",0,3,0,2,1,2024-09-21
Carlos Eduardo,Vitória,96,BRA,LW,27-347,62,0,0,0,0,1,0,1,0,27,2,0,1,0.0,0.0,0.0,3,1,9,13,"69,2",3,13,0,4,0,2024-09-21
Everaldo,Vitória,37,BRA,LW,30-116,28,0,0,0,0,1,0,0,0,14,1,0,0,0.0,0.0,0.0,0,0,8,8,"100,0",0,5,0,1,0,2024-09-21
Gustavo Mosquito,Vitória,7,BRA,RW,27-014,73,1,0,1,1,2,0,0,0,27,2,0,0,0.9,0.1,0.0,3,0,14,17,"82,4",4,12,2,3,1,2024-09-21
José Hugo,Vitória,17,BRA,RW,24-340,17,0,0,0,0,0,0,0,0,6,1,0,0,0.0,0.0,0.0,0,0,2,3,"66,7",0,2,1,1,1,2024-09-21
Matheusinho,Vitória,30,BRA,AM,26-339,90,0,0,0,0,3,1,1,0,37,1,1,0,0.1,0.1,0.0,4,0,22,24,"91,7",3,14,1,1,0,2024-09-21
Machado,Vitória,36,BRA,DM,28-245,62,0,0,0,0,1,0,0,0,31,2,1,2,0.0,0.0,0.0,3,0,18,24,"75,0",0,13,0,3,2,2024-09-21
Willian,Vitória,29,BRA,DM,31-128,28,0,0,0,0,0,0,0,0,17,2,0,0,0.0,0.0,0.0,0,0,10,13,"76,9",0,2,0,0,0,2024-09-21
Luan Silva,Vitória,8,BRA,DM,25-130,70,0,0,0,0,0,0,0,0,26,0,1,1,0.0,0.0,0.0,1,0,17,22,"77,3",2,7,0,0,0,2024-09-21
Ricardo,Vitória,28,BRA,DM,30-207,20,0,0,0,0,1,0,0,0,14,2,0,1,0.0,0.0,0.0,3,0,4,8,"50,0",2,3,0,1,1,2024-09-21
Lucas Esteves,Vitória,16,BRA,LB,24-089,90,0,0,0,0,1,0,0,0,45,1,1,1,0.0,0.0,0.0,1,0,26,36,"72,2",1,13,0,2,1,2024-09-21
Wagner,Vitória,4,BRA,CB,25-060,90,0,0,0,0,0,0,0,0,38,0,3,3,0.0,0.0,0.0,0,0,17,24,"70,8",0,12,1,0,0,2024-09-21
Neris,Vitória,77,BRA,CB,32-096,90,0,0,0,0,1,0,0,0,44,3,0,0,0.0,0.0,0.0,1,0,20,29,"69,0",3,19,1,0,0,2024-09-21
Raúl Cáceres,Vitória,27,PAR,RB,33-003,90,0,0,0,0,1,0,0,0,36,1,0,0,0.0,0.0,0.0,2,0,22,31,"71,0",2,7,2,1,1,2024-09-21
Muriel Becker,Vitória,22,BRA,GK,37-220,90,0,0,0,0,0,0,0,0,30,0,0,0,0.0,0.0,0.0,0,0,20,30,"66,7",0,11,0,0,0,2024-09-21
Gilberto,Juventude,9,BRA,FW,35-108,66,0,0,0,0,1,0,0,0,15,0,0,0,0.1,0.1,0.0,0,0,7,12,"58,3",2,3,0,0,0,2024-09-21
Ronie Carrillo,Juventude,79,ECU,FW,28-013,24,0,0,0,0,0,0,0,0,7,0,0,0,0.0,0.0,0.0,2,0,1,3,"33,3",1,5,0,3,2,2024-09-21
Lucas Barbosa,Juventude,21,BRA,RW,23-212,77,0,0,0,0,3,1,1,0,33,0,0,0,0.1,0.1,0.0,1,0,13,19,"68,4",0,20,1,2,0,2024-09-21
Luis Mandaca,Juventude,44,BRA,"AM,RW",22-355,13,0,0,0,0,1,0,0,0,6,0,0,1,0.1,0.1,0.0,0,0,2,2,"100,0",1,3,0,1,0,2024-09-21
Edson Carioca,Juventude,17,BRA,AM,27-079,66,0,0,0,0,1,0,0,0,,,0,,,,,,,,,,,,,,,2024-09-21
David,Juventude,18,BRA,LW,24-256,24,0,0,0,0,0,0,0,0,14,0,0,0,0.0,0.0,0.0,0,0,8,10,"80,0",2,10,1,1,1,2024-09-21
Nenê,Juventude,10,BRA,AM,43-064,77,0,0,0,0,1,0,0,0,35,0,0,1,0.0,0.0,0.3,3,0,17,27,"63,0",1,13,0,1,0,2024-09-21
Gabriel Inocêncio,Juventude,12,BRA,"RW,AM",30-032,13,0,0,0,0,1,1,0,0,15,1,0,0,0.0,0.0,0.1,1,0,10,10,"100,0",2,5,0,1,0,2024-09-21
Ronaldo,Juventude,96,BRA,"DM,CB",27-334,90,0,0,0,0,1,0,0,0,67,3,1,2,0.2,0.2,0.0,1,0,46,56,"82,1",4,34,2,1,1,2024-09-21
Jadson,Juventude,16,BRA,DM,31-022,90,0,0,0,0,0,0,1,0,81,3,1,1,0.0,0.0,0.0,2,0,60,67,"89,6",6,44,1,3,2,2024-09-21
Alan Ruschel,Juventude,28,BRA,LB,35-029,90,0,0,0,0,0,0,0,0,81,1,3,1,0.0,0.0,0.3,2,0,63,74,"85,1",7,45,0,0,0,2024-09-21
Zé Marcos,Juventude,3,BRA,CB,26-233,90,0,0,0,0,1,0,1,0,73,0,1,0,0.0,0.0,0.0,1,0,61,66,"92,4",3,46,0,0,0,2024-09-21
Yan Souto,Juventude,70,BRA,CB,22-352,66,0,0,0,0,1,0,0,0,67,0,0,2,0.0,0.0,0.1,2,0,52,61,"85,2",2,47,0,1,1,2024-09-21
Luis Oyama,Juventude,5,BRA,DM,27-235,24,0,0,0,0,0,0,0,0,16,1,0,0,0.0,0.0,0.0,0,0,12,14,"85,7",2,13,3,1,0,2024-09-21
João Lucas,Juventude,2,BRA,RB,26-196,90,0,0,0,0,0,0,0,0,67,6,0,1,0.0,0.0,0.0,2,0,40,56,"71,4",5,31,6,3,2,2024-09-21
Gabriel,Juventude,1,BRA,GK,31-360,90,0,0,0,0,0,0,1,0,39,0,0,0,0.0,0.0,0.0,0,0,32,37,"86,5",0,23,0,0,0,2024-09-21
Yuri Alberto,Corinthians,9,BRA,FW,23-187,66,0,0,0,0,2,0,0,0,19,0,0,0,0.2,0.2,0.6,6,3,9,12,"75,0",2,10,2,2,2,2024-09-21
Memphis,Corinthians,94,NED,FW,30-221,24,0,0,0,0,2,1,0,0,15,0,0,0,0.3,0.3,0.0,0,0,9,10,"90,0",1,11,0,3,1,2024-09-21
Ángel Romero,Corinthians,11,PAR,FW,32-079,78,2,0,0,0,9,3,0,0,40,2,0,3,1.3,1.3,0.0,2,0,16,24,"66,7",1,22,2,4,3,2024-09-21
Héctor,Corinthians,22,ESP,FW,29-007,12,0,0,0,0,0,0,0,0,3,0,0,0,0.0,0.0,0.0,0,0,2,3,"66,7",0,2,0,0,0,2024-09-21
Rodrigo Garro,Corinthians,10,ARG,AM,26-261,84,1,1,0,0,2,1,0,0,84,1,2,0,0.7,0.7,0.1,4,1,62,75,"82,7",8,42,2,3,0,2024-09-21
Talles Magno,Corinthians,43,BRA,AM,22-087,6,0,0,0,0,0,0,0,0,5,0,0,0,0.0,0.0,0.0,0,0,3,5,"60,0",0,2,1,1,1,2024-09-21
Breno,Corinthians,27,BRA,LM,19-214,45,0,0,0,0,2,1,1,0,41,3,0,1,0.0,0.0,0.0,3,0,28,33,"84,8",3,21,1,1,0,2024-09-21
Igor Coronado,Corinthians,77,BRA,LM,32-034,45,0,1,0,0,0,0,1,0,48,1,0,0,0.0,0.0,0.8,2,1,39,45,"86,7",8,28,6,0,0,2024-09-21
José Andrés Martínez,Corinthians,70,VEN,CM,30-045,90,0,0,0,0,0,0,1,0,84,2,4,1,0.0,0.0,0.0,2,0,64,75,"85,3",5,43,1,2,2,2024-09-21
Charles Rigon Matos,Corinthians,8,BRA,RM,28-094,67,0,0,0,0,0,0,0,0,49,2,1,2,0.0,0.0,0.2,3,0,34,44,"77,3",3,21,1,0,0,2024-09-21
André Carrillo,Corinthians,19,PER,RM,33-099,23,0,0,0,0,0,0,0,0,24,1,0,0,0.0,0.0,0.0,1,0,21,22,"95,5",2,12,1,0,0,2024-09-21
Matheus Bidu,Corinthians,21,BRA,LB,25-140,90,0,0,0,0,0,0,0,0,81,5,1,1,0.0,0.0,0.2,4,1,66,71,"93,0",5,38,5,2,1,2024-09-21
Cacá,Corinthians,25,BRA,CB,25-149,90,0,0,0,0,0,0,0,0,62,1,1,1,0.0,0.0,0.0,0,0,51,57,"89,5",1,33,0,0,0,2024-09-21
Gustavo Henrique,Corinthians,13,BRA,CB,31-181,90,0,0,0,0,0,0,0,0,70,2,3,1,0.0,0.0,0.0,0,0,41,58,"70,7",4,32,0,1,1,2024-09-21
Fagner,Corinthians,23,BRA,RB,35-102,90,0,0,0,0,0,0,0,0,67,4,2,2,0.0,0.0,0.3,2,0,44,58,"75,9",4,35,3,0,0,2024-09-21
Hugo Souza,Corinthians,1,BRA,GK,25-234,90,0,0,0,0,0,0,0,0,27,0,0,0,0.0,0.0,0.0,0,0,23,26,"88,5",0,9,0,0,0,2024-09-21
Jan Carlos Hurtado,Atlético Goianiense,9,VEN,FW,24-200,75,0,0,0,0,3,1,0,0,19,0,0,1,0.2,0.2,0.0,0,0,10,12,"83,3",1,7,1,0,0,2024-09-21
Derek,Atlético Goianiense,20,BRA,FW,26-294,15,0,0,0,0,1,0,0,0,5,0,0,0,0.0,0.0,0.0,0,0,4,4,"100,0",1,4,0,0,0,2024-09-21
Alejo Cruz,Atlético Goianiense,7,URU,LW,24-020,78,0,0,0,0,0,0,0,0,40,0,1,1,0.0,0.0,0.2,2,0,20,32,"62,5",3,26,4,3,1,2024-09-21
Matías Lacava,Atlético Goianiense,18,VEN,LW,21-333,12,0,0,0,0,0,0,0,0,10,1,0,0,0.0,0.0,0.1,1,0,6,7,"85,7",1,9,2,3,1,2024-09-21
Luiz Fernando,Atlético Goianiense,11,BRA,RW,27-341,75,0,0,0,0,1,0,1,0,41,1,1,0,0.1,0.1,0.1,3,0,21,29,"72,4",0,29,3,4,1,2024-09-21
Janderson,Atlético Goianiense,19,BRA,RW,25-208,15,0,0,0,0,1,0,0,0,14,1,0,0,0.1,0.1,0.0,1,0,6,10,"60,0",1,13,0,2,0,2024-09-21
Joel Campbell,Atlético Goianiense,10,CRC,AM,32-087,79,0,0,0,0,2,0,1,0,53,1,0,0,0.1,0.1,0.0,4,0,40,44,"90,9",7,43,1,4,1,2024-09-21
Shaylon,Atlético Goianiense,17,BRA,AM,27-147,11,0,0,0,0,1,1,0,0,16,1,0,0,0.1,0.1,0.0,2,0,12,14,"85,7",3,11,0,0,0,2024-09-21
Gabriel Baralhas,Atlético Goianiense,8,BRA,DM,25-347,90,0,0,0,0,3,1,0,0,52,3,4,1,0.1,0.1,0.0,1,0,33,40,"82,5",4,32,0,3,2,2024-09-21
Gonzalo Freitas,Atlético Goianiense,5,URU,DM,32-355,79,0,0,0,0,1,0,1,0,31,1,0,1,0.0,0.0,0.0,1,0,24,29,"82,8",1,15,0,0,0,2024-09-21
Rhaldney,Atlético Goianiense,16,BRA,DM,25-306,11,0,0,0,0,0,0,0,0,11,1,1,0,0.0,0.0,0.0,1,0,8,8,"100,0",2,8,1,1,1,2024-09-21
Guilherme Romão,Atlético Goianiense,6,BRA,LB,26-350,90,0,0,0,0,1,0,0,0,57,1,0,2,0.0,0.0,0.0,3,0,32,47,"68,1",5,29,3,2,0,2024-09-21
Alix Vinicius,Atlético Goianiense,3,BRA,CB,24-320,90,0,0,0,0,0,0,1,0,33,1,4,2,0.0,0.0,0.0,0,0,18,19,"94,7",2,12,0,0,0,2024-09-21
Adriano Martins,Atlético Goianiense,4,BRA,CB,27-173,90,0,0,0,0,0,0,0,0,47,1,3,3,0.0,0.0,0.0,0,0,20,28,"71,4",1,16,0,0,0,2024-09-21
Bruno Tubarão,Atlético Goianiense,2,BRA,RB,29-200,90,0,0,0,0,0,0,0,0,63,3,1,0,0.0,0.0,0.1,5,0,45,55,"81,8",5,36,3,3,2,2024-09-21
Pedro Rangel,Atlético Goianiense,1,BRA,GK,24-084,90,0,0,0,0,0,0,0,0,30,0,0,0,0.0,0.0,0.0,0,0,15,27,"55,6",0,11,0,0,0,2024-09-21
Germán Cano,Fluminense,14,ARG,FW,36-232,64,0,0,0,0,3,2,0,0,17,1,0,0,0.1,0.1,0.0,0,0,6,10,"60,0",0,5,0,1,1,2024-09-21
Ganso,Fluminense,10,BRA,AM,34-345,26,0,0,0,0,1,0,0,0,27,1,0,0,0.0,0.0,0.0,1,0,24,27,"88,9",2,14,0,0,0,2024-09-21
Kevin Serna,Fluminense,90,COL,LW,26-279,75,0,0,0,0,0,0,0,0,31,2,0,1,0.0,0.0,0.1,4,0,13,19,"68,4",0,22,4,4,2,2024-09-21
Keno,Fluminense,11,BRA,LW,35-011,15,0,0,0,0,0,0,0,0,15,0,0,0,0.0,0.0,0.0,3,0,8,10,"80,0",2,10,1,2,1,2024-09-21
Jhon Arias,Fluminense,21,COL,RW,27-000,90,0,0,0,0,2,1,0,0,60,2,1,2,0.1,0.1,0.1,8,0,35,46,"76,1",0,33,2,4,1,2024-09-21
Lima,Fluminense,45,BRA,AM,28-102,64,0,0,0,0,1,1,0,0,27,0,0,2,0.0,0.0,0.0,1,0,14,16,"87,5",0,12,0,2,1,2024-09-21
Kauã Elias,Fluminense,19,BRA,FW,18-177,26,0,0,0,0,0,0,0,0,7,0,0,0,0.0,0.0,0.0,0,0,3,4,"75,0",0,2,0,1,0,2024-09-21
Facundo Bernal,Fluminense,5,URU,DM,21-031,90,0,0,0,0,1,0,0,0,53,3,0,0,0.0,0.0,0.0,0,0,36,41,"87,8",3,26,0,1,1,2024-09-21
Martinelli,Fluminense,8,BRA,DM,23-134,67,0,0,0,0,1,0,0,0,43,3,0,3,0.0,0.0,0.0,3,0,31,33,"93,9",4,19,0,1,0,2024-09-21
Nonato,Fluminense,16,BRA,DM,26-202,22,0,0,0,0,0,0,0,0,8,1,0,0,0.0,0.0,0.0,0,0,5,5,"100,0",0,4,0,1,0,2024-09-21
Felipe Melo,Fluminense,30,BRA,DM,41-087,1,0,0,0,0,0,0,1,0,8,0,0,0,0.0,0.0,0.0,0,0,8,8,"100,0",1,8,0,0,0,2024-09-21
Marcelo,Fluminense,12,BRA,LB,36-132,75,0,0,0,0,1,1,0,0,70,2,0,0,0.0,0.0,0.0,0,0,47,58,"81,0",7,43,3,4,3,2024-09-21
Gabriel Fuentes,Fluminense,31,COL,LB,27-225,15,0,0,0,0,0,0,0,0,17,0,0,0,0.0,0.0,0.0,0,0,12,15,"80,0",1,7,0,0,0,2024-09-21
Manoel,Fluminense,26,BRA,CB,34-208,90,0,0,0,0,1,0,0,0,47,2,0,1,0.0,0.0,0.0,0,0,34,38,"89,5",1,28,0,0,0,2024-09-21
Antonio Carlos,Fluminense,25,BRA,CB,31-198,90,0,0,0,0,0,0,0,0,63,0,2,2,0.0,0.0,0.0,0,0,40,49,"81,6",0,32,0,0,0,2024-09-21
Samuel Xavier,Fluminense,2,BRA,RB,34-107,90,0,0,0,0,2,0,0,0,59,2,0,0,0.0,0.0,0.0,3,0,43,52,"82,7",4,32,0,1,0,2024-09-21
Fábio,Fluminense,1,BRA,GK,43-357,90,0,0,0,0,0,0,0,0,26,0,0,0,0.0,0.0,0.0,0,0,15,21,"71,4",0,14,0,0,0,2024-09-21
Tiquinho Soares,Botafogo (RJ),9,BRA,FW,33-248,73,0,0,0,0,1,0,0,0,13,1,1,1,0.0,0.0,0.0,1,0,5,7,"71,4",0,10,1,1,1,2024-09-21
Igor,Botafogo (RJ),99,BRA,FW,23-209,17,0,0,0,0,1,1,0,0,9,0,0,0,0.0,0.0,0.1,1,0,3,5,"60,0",1,6,0,1,0,2024-09-21
Matheus Martins,Botafogo (RJ),37,BRA,LW,21-067,68,0,0,0,0,2,2,0,0,25,3,1,2,0.2,0.2,0.0,1,0,6,10,"60,0",1,15,2,1,0,2024-09-21
Carlos Alberto,Botafogo (RJ),27,BRA,LW,22-160,22,0,0,0,0,1,0,0,0,7,1,0,0,0.1,0.1,0.0,0,0,1,2,"50,0",0,2,1,0,0,2024-09-21
Luiz Henrique,Botafogo (RJ),7,BRA,RW,23-263,90,1,0,0,0,3,2,0,0,41,3,0,0,1.2,1.2,0.0,2,0,18,23,"78,3",6,22,5,13,8,2024-09-21
Jefferson Savarino,Botafogo (RJ),10,VEN,AM,27-315,59,0,0,0,0,1,1,0,0,21,0,0,0,0.0,0.0,0.0,2,0,14,17,"82,4",2,10,2,1,0,2024-09-21
Thiago Almada,Botafogo (RJ),23,ARG,AM,23-148,31,0,0,0,0,0,0,0,0,24,0,0,0,0.0,0.0,0.0,1,0,17,23,"73,9",2,15,2,1,1,2024-09-21
Gregore,Botafogo (RJ),26,BRA,DM,30-203,90,0,1,0,0,0,0,0,0,79,4,1,1,0.0,0.0,1.0,3,2,65,73,"89,0",4,38,0,0,0,2024-09-21
Tchê Tchê,Botafogo (RJ),6,BRA,"DM,RB",32-022,90,0,0,0,0,0,0,1,0,68,1,0,0,0.0,0.0,0.2,3,0,57,66,"86,4",4,52,1,1,1,2024-09-21
Fernando Marçal,Botafogo (RJ),21,BRA,LB,35-215,89,0,0,0,0,0,0,0,0,46,4,2,1,0.0,0.0,0.0,0,0,22,33,"66,7",4,13,4,1,1,2024-09-21
Alex Telles,Botafogo (RJ),13,BRA,LB,31-281,1,0,0,0,0,0,0,0,0,1,0,0,0,0.0,0.0,0.0,0,0,1,1,"100,0",0,1,0,0,0,2024-09-21
Alexander Barboza,Botafogo (RJ),20,ARG,CB,29-189,90,0,0,0,0,0,0,0,0,57,1,1,0,0.0,0.0,0.2,3,0,38,49,"77,6",4,31,1,0,0,2024-09-21
Adryelson,Botafogo (RJ),34,BRA,CB,26-182,74,0,0,0,0,0,0,0,0,80,1,1,1,0.0,0.0,0.0,0,0,64,70,"91,4",9,50,2,0,0,2024-09-21
Bastos,Botafogo (RJ),15,ANG,CB,33-178,16,0,0,0,0,0,0,0,0,4,0,0,1,0.0,0.0,0.0,0,0,3,3,"100,0",0,2,0,0,0,2024-09-21
Mateo Ponte,Botafogo (RJ),4,URU,RB,21-120,68,0,0,0,0,0,0,0,0,48,2,0,0,0.0,0.0,0.0,1,0,33,43,"76,7",1,22,0,1,0,2024-09-21
Allan,Botafogo (RJ),28,BRA,DM,33-257,22,0,0,0,0,0,0,0,0,16,1,0,1,0.0,0.0,0.0,0,0,9,11,"81,8",1,11,0,0,0,2024-09-21
John,Botafogo (RJ),12,BRA,GK,28-221,90,0,0,0,0,0,0,0,0,36,0,0,0,0.0,0.0,0.0,0,0,27,31,"87,1",0,23,0,0,0,2024-09-21
Pablo Vegetti,Vasco da Gama,99,ARG,FW,35-343,90,0,0,0,0,2,1,1,0,32,0,0,2,0.1,0.1,0.0,1,0,11,18,"61,1",0,11,0,1,1,2024-09-22
David,Vasco da Gama,7,BRA,LW,28-341,90,0,0,0,0,2,1,0,0,39,0,1,1,0.1,0.1,0.0,4,0,19,25,"76,0",5,31,3,6,4,2024-09-22
Rayan Vitor,Vasco da Gama,77,BRA,RW,18-050,45,0,0,0,0,0,0,0,0,9,0,1,0,0.0,0.0,0.0,0,0,2,5,"40,0",0,2,0,0,0,2024-09-22
Emerson Rodríguez,Vasco da Gama,17,COL,RW,24-028,45,0,0,0,0,0,0,0,0,21,1,0,0,0.0,0.0,0.0,1,0,9,16,"56,3",1,14,4,4,3,2024-09-22
Dimitri Payet,Vasco da Gama,10,FRA,AM,37-177,57,0,0,0,0,2,1,0,0,48,0,0,0,0.1,0.1,0.0,1,0,33,42,"78,6",7,19,2,1,0,2024-09-22
Philippe Coutinho,Vasco da Gama,11,BRA,AM,32-102,33,0,0,0,0,0,0,0,0,27,0,0,0,0.0,0.0,0.0,2,0,17,23,"73,9",3,19,4,7,3,2024-09-22
Juan Sforza,Vasco da Gama,20,ARG,DM,22-221,82,0,0,0,0,2,0,0,0,47,0,0,0,0.1,0.1,0.0,0,0,35,42,"83,3",1,22,0,1,1,2024-09-22
Mateus Cocão,Vasco da Gama,85,BRA,DM,22-188,8,0,0,0,0,1,0,0,0,16,3,0,0,0.0,0.0,0.0,1,0,12,13,"92,3",1,10,1,2,2,2024-09-22
Hugo Moura,Vasco da Gama,25,BRA,DM,26-263,87,0,0,0,0,0,0,0,0,56,7,2,0,0.0,0.0,0.0,3,0,36,44,"81,8",6,28,1,0,0,2024-09-22
Maxime Dominguez,Vasco da Gama,26,SUI,DM,28-234,3,0,0,0,0,0,0,0,0,4,0,1,0,0.0,0.0,0.0,0,0,4,4,"100,0",0,2,0,0,0,2024-09-22
Lucas Piton,Vasco da Gama,6,BRA,LB,23-349,90,0,0,0,0,0,0,0,0,53,0,3,0,0.0,0.0,0.0,0,0,33,41,"80,5",1,20,0,2,1,2024-09-22
Léo Pelé,Vasco da Gama,3,BRA,CB,28-200,90,0,0,0,0,0,0,0,0,54,1,2,1,0.0,0.0,0.0,3,0,38,41,"92,7",3,25,2,3,2,2024-09-22
Maicon,Vasco da Gama,4,BRA,CB,36-008,90,0,0,0,0,0,0,0,0,74,3,3,2,0.0,0.0,0.0,2,0,41,63,"65,1",3,34,0,1,0,2024-09-22
Paulo Henrique,Vasco da Gama,96,BRA,RB,28-059,57,0,0,0,0,0,0,0,0,56,2,1,1,0.0,0.0,0.0,0,0,30,46,"65,2",1,23,0,3,0,2024-09-22
José Luis Rodríguez Bebanz,Vasco da Gama,2,URU,RB,27-192,33,0,0,0,0,1,0,0,0,26,0,0,1,0.0,0.0,0.1,1,0,16,21,"76,2",3,14,1,0,0,2024-09-22
Léo Jardim,Vasco da Gama,1,BRA,GK,29-186,90,0,0,0,0,0,0,0,0,28,0,0,0,0.0,0.0,0.0,0,0,23,26,"88,5",0,12,0,0,0,2024-09-22
José López,Palmeiras,42,ARG,FW,23-291,82,1,0,0,0,2,1,0,0,26,2,0,0,0.3,0.3,0.4,1,0,11,15,"73,3",1,11,2,2,0,2024-09-22
Rony,Palmeiras,10,BRA,FW,29-134,8,0,0,0,0,1,0,0,0,5,0,0,0,0.1,0.1,0.0,0,0,0,0,,0,2,0,0,0,2024-09-22
Felipe Anderson,Palmeiras,9,BRA,LW,31-160,89,0,0,0,0,2,0,0,0,56,2,1,1,0.1,0.1,0.5,4,0,27,37,"73,0",1,21,6,3,1,2024-09-22
Romulo,Palmeiras,20,BRA,RW,22-351,1,0,0,0,0,0,0,0,0,8,0,0,0,0.0,0.0,0.0,1,0,6,8,"75,0",0,4,0,0,0,2024-09-22
Raphael Veiga,Palmeiras,23,BRA,RW,29-095,89,0,0,0,0,1,0,0,0,40,0,2,0,0.0,0.0,0.1,4,0,25,31,"80,6",5,19,2,0,0,2024-09-22
Lázaro,Palmeiras,17,BRA,"LW,RW",22-194,1,0,0,0,0,2,0,0,0,9,0,0,0,0.1,0.1,0.0,0,0,3,6,"50,0",0,7,1,1,0,2024-09-22
Mauricio,Palmeiras,18,BRA,AM,23-123,83,0,0,0,0,2,1,0,0,31,0,0,0,0.4,0.4,0.0,1,0,21,26,"80,8",2,11,2,1,1,2024-09-22
Zé Rafael,Palmeiras,8,BRA,DM,31-098,7,0,0,0,0,0,0,1,0,9,1,0,0,0.0,0.0,0.0,0,0,7,8,"87,5",0,5,0,0,0,2024-09-22
Richard Ríos,Palmeiras,27,COL,DM,24-112,90,0,0,0,0,1,0,0,0,52,3,0,3,0.0,0.0,0.0,0,0,26,32,"81,3",1,23,2,5,2,2024-09-22
Aníbal Moreno,Palmeiras,5,ARG,DM,25-132,83,0,0,0,0,0,0,0,0,40,1,0,0,0.0,0.0,0.0,0,0,26,32,"81,3",2,18,0,0,0,2024-09-22
Fabinho,Palmeiras,35,BRA,AM,22-166,7,0,0,0,0,0,0,0,0,11,0,0,0,0.0,0.0,0.1,3,0,8,9,"88,9",1,7,1,1,1,2024-09-22
Vanderlan,Palmeiras,6,BRA,LB,22-015,90,0,0,0,0,0,0,0,0,46,5,4,0,0.0,0.0,0.0,0,0,26,32,"81,3",0,18,2,2,1,2024-09-22
Murilo Cerqueira,Palmeiras,26,BRA,CB,27-179,90,0,0,0,0,1,0,0,0,67,1,0,1,0.3,0.3,0.0,0,0,38,51,"74,5",5,30,2,0,0,2024-09-22
Gustavo Gómez,Palmeiras,15,PAR,CB,31-139,90,0,0,0,0,2,1,0,0,44,2,1,0,0.2,0.2,0.0,0,0,29,32,"90,6",2,23,0,0,0,2024-09-22
Agustín Giay,Palmeiras,4,ARG,RB,20-250,90,0,0,0,0,0,0,0,0,55,6,0,1,0.0,0.0,0.1,5,0,33,45,"73,3",3,18,4,1,1,2024-09-22
Wéverton,Palmeiras,21,BRA,GK,36-284,90,0,0,0,0,0,0,1,0,36,0,0,0,0.0,0.0,0.0,0,0,13,34,"38,2",0,18,0,0,0,2024-09-22
Carlos Eduardo,Atlético Mineiro,42,BRA,FW,20-121,74,1,0,0,0,1,1,0,0,27,2,1,3,0.1,0.1,0.1,2,0,13,15,"86,7",3,12,0,0,0,2024-09-22
Hulk,Atlético Mineiro,7,BRA,FW,38-059,16,1,0,0,0,1,1,0,0,7,0,0,0,0.5,0.5,0.0,1,0,2,3,"66,7",0,5,1,1,0,2024-09-22
Deyverson,Atlético Mineiro,9,BRA,FW,33-137,80,1,1,0,1,3,2,0,0,27,0,0,0,1.2,0.4,0.5,3,2,7,16,"43,8",0,7,1,0,0,2024-09-22
Alan Kardec,Atlético Mineiro,14,BRA,FW,35-254,10,0,0,0,0,1,0,0,0,2,0,0,0,0.0,0.0,0.0,0,0,0,0,,0,1,0,0,0,2024-09-22
Igor Gomes,Atlético Mineiro,17,BRA,CM,25-189,73,0,1,0,0,0,0,0,0,27,0,0,4,0.0,0.0,0.1,3,1,14,21,"66,7",2,13,0,0,0,2024-09-22
Gustavo Scarpa,Atlético Mineiro,6,BRA,"WB,CM",30-261,17,0,0,0,0,0,0,0,0,15,2,1,0,0.0,0.0,0.1,3,0,8,10,"80,0",0,4,0,0,0,2024-09-22
Alan Franco,Atlético Mineiro,23,ECU,CM,26-032,80,0,0,0,0,1,0,0,0,38,1,1,0,0.0,0.0,0.3,2,0,26,32,"81,3",1,16,0,0,0,2024-09-22
Paulo Vitor,Atlético Mineiro,27,BRA,CM,20-027,10,0,0,0,0,0,0,0,0,12,1,0,1,0.0,0.0,0.0,1,0,8,8,"100,0",0,5,0,1,0,2024-09-22
Fausto Vera,Atlético Mineiro,18,ARG,CM,24-180,90,0,0,0,0,2,1,0,0,57,2,2,2,0.0,0.0,0.1,3,0,34,42,"81,0",5,19,0,1,0,2024-09-22
Rubens,Atlético Mineiro,44,BRA,WB,23-093,90,0,1,0,0,0,0,0,0,66,5,3,0,0.0,0.0,0.4,4,2,30,49,"61,2",2,26,2,2,0,2024-09-22
Brahian Palacios,Atlético Mineiro,30,COL,WB,21-303,73,0,0,0,0,3,2,0,0,44,2,0,3,0.4,0.4,0.0,2,0,21,29,"72,4",3,23,5,4,0,2024-09-22
Bernard,Atlético Mineiro,20,BRA,"CM,WB",32-014,17,0,0,0,0,0,0,0,0,4,0,0,0,0.0,0.0,0.0,0,0,2,3,"66,7",0,1,0,0,0,2024-09-22
Júnior Alonso,Atlético Mineiro,8,PAR,CB,31-226,90,0,0,0,0,0,0,0,0,68,1,2,0,0.0,0.0,0.0,0,0,51,59,"86,4",2,28,0,0,0,2024-09-22
Lyanco,Atlético Mineiro,2,BRA,CB,27-234,90,0,0,0,0,0,0,1,0,57,0,0,0,0.0,0.0,0.0,0,0,44,52,"84,6",0,29,0,1,1,2024-09-22
Mariano,Atlético Mineiro,25,BRA,CB,38-091,90,0,0,0,0,0,0,0,0,61,0,0,2,0.0,0.0,0.0,0,0,30,56,"53,6",2,16,2,1,1,2024-09-22
Éverson,Atlético Mineiro,22,BRA,GK,34-062,90,0,0,0,0,0,0,1,0,46,0,0,0,0.0,0.0,0.0,1,1,33,44,"75,0",0,26,0,0,0,2024-09-22
Eduardo Sasha,Red Bull Bragantino,19,BRA,FW,32-211,90,0,0,0,0,2,1,0,0,26,0,0,0,0.3,0.3,0.0,2,0,12,19,"63,2",0,16,2,1,0,2024-09-22
Vitinho,Red Bull Bragantino,28,BRA,"LW,WB",25-174,90,0,0,0,0,0,0,0,0,49,0,1,0,0.0,0.0,0.2,3,0,26,40,"65,0",1,33,2,3,3,2024-09-22
Vinicius Mendonça,Red Bull Bragantino,54,BRA,RW,20-215,45,0,0,0,0,0,0,0,0,11,0,0,2,0.0,0.0,0.0,1,0,6,8,"75,0",0,8,0,0,0,2024-09-22
Henry Mosquera,Red Bull Bragantino,30,COL,"WB,RW",22-312,45,0,0,0,0,0,0,0,0,21,2,0,0,0.0,0.0,0.0,1,0,8,11,"72,7",0,15,3,6,2,2024-09-22
Jhonatan Jowjow,Red Bull Bragantino,6,BRA,LM,22-013,45,0,0,0,0,2,1,0,0,21,1,0,2,0.1,0.1,0.0,1,0,8,14,"57,1",0,11,0,3,1,2024-09-22
Lincoln,Red Bull Bragantino,10,BRA,"AM,LM",25-320,45,0,0,0,0,0,0,0,0,32,0,0,0,0.0,0.0,0.1,3,0,23,32,"71,9",4,22,2,1,1,2024-09-22
Raul,Red Bull Bragantino,23,BRA,CM,28-073,45,0,0,0,0,0,0,0,0,30,0,0,1,0.0,0.0,0.0,0,0,20,25,"80,0",3,15,0,1,0,2024-09-22
Matheus Fernandes,Red Bull Bragantino,35,BRA,CM,26-084,45,0,0,0,0,1,0,1,0,33,0,2,0,0.0,0.0,0.0,1,0,21,25,"84,0",3,16,0,1,1,2024-09-22
Lucas Evangelista,Red Bull Bragantino,8,BRA,"RM,CM",29-139,90,0,0,0,0,2,0,0,0,46,1,0,0,0.2,0.2,0.0,1,0,32,40,"80,0",6,32,0,1,1,2024-09-22
Guilherme,Red Bull Bragantino,31,BRA,LB,22-221,63,0,0,0,0,0,0,0,0,54,2,0,0,0.0,0.0,0.0,0,0,32,47,"68,1",1,25,0,1,0,2024-09-22
Eduardo Santos,Red Bull Bragantino,3,BRA,"CB,LB",26-299,27,0,0,0,0,0,0,1,0,22,1,0,0,0.0,0.0,0.0,0,0,16,19,"84,2",3,13,2,0,0,2024-09-22
Lucas Cunha,Red Bull Bragantino,4,BRA,CB,27-243,90,0,0,0,0,0,0,0,0,60,5,1,0,0.0,0.0,0.0,0,0,38,52,"73,1",3,29,0,0,0,2024-09-22
Pedro Henrique,Red Bull Bragantino,14,BRA,CB,28-356,90,0,0,0,0,1,1,0,0,46,0,1,1,0.1,0.1,0.0,1,0,32,40,"80,0",3,27,0,0,0,2024-09-22
José Hurtado,Red Bull Bragantino,34,ECU,RB,22-274,63,0,0,0,0,0,0,0,0,46,0,0,1,0.0,0.0,0.0,0,0,24,39,"61,5",1,21,2,1,0,2024-09-22
Arthur,Red Bull Bragantino,27,BRA,"AM,RB",21-194,27,0,0,0,0,0,0,1,0,9,0,0,0,0.0,0.0,0.0,1,0,7,7,"100,0",0,3,0,0,0,2024-09-22
Cleiton Schwengber,Red Bull Bragantino,1,BRA,GK,27-034,90,0,0,0,0,0,0,0,0,34,0,0,0,0.0,0.0,0.0,0,0,18,29,"62,1",0,17,0,0,0,2024-09-22
Derik Lacerda,Cuiabá,22,BRA,FW,24-361,70,0,0,0,0,1,0,0,0,20,0,0,0,0.0,0.0,0.0,1,0,6,9,"66,7",0,15,2,3,0,2024-09-22
Eliel Chrystian,Cuiabá,11,BRA,FW,21-240,20,0,0,0,0,1,0,0,0,4,1,0,0,0.1,0.1,0.0,1,0,1,1,"100,0",0,2,0,0,0,2024-09-22
Clayson,Cuiabá,25,BRA,LW,29-187,90,0,0,0,0,3,2,0,0,49,0,2,1,0.1,0.1,0.1,4,0,29,40,"72,5",5,26,1,4,3,2024-09-22
Gustavo Sauer,Cuiabá,19,BRA,RW,31-145,70,0,0,0,0,1,1,0,0,34,1,0,1,0.1,0.1,0.0,2,0,19,23,"82,6",2,14,0,3,0,2024-09-22
Denilson,Cuiabá,27,BRA,RW,23-183,20,0,0,0,0,0,0,0,0,12,0,0,0,0.0,0.0,0.0,0,0,8,10,"80,0",0,3,0,0,0,2024-09-22
Lucas Fernandes,Cuiabá,18,BRA,AM,27-002,80,0,0,0,0,1,0,0,0,45,1,0,0,0.0,0.0,0.0,4,0,36,40,"90,0",4,24,1,1,1,2024-09-22
Jonathan Cafu,Cuiabá,7,BRA,AM,33-074,10,0,0,0,0,0,0,0,0,7,0,0,1,0.0,0.0,0.0,0,0,1,2,"50,0",0,4,0,2,0,2024-09-22
Lucas Mineiro,Cuiabá,30,BRA,DM,28-211,89,0,0,0,0,0,0,0,0,29,1,0,2,0.0,0.0,0.0,0,0,18,24,"75,0",0,9,0,0,0,2024-09-22
Max,Cuiabá,10,BRA,DM,23-133,1,0,0,0,0,0,0,0,0,5,0,0,0,0.0,0.0,0.0,0,0,2,5,"40,0",0,2,0,0,0,2024-09-22
Fernando Sobral,Cuiabá,88,BRA,DM,29-280,90,0,0,0,0,1,0,0,0,58,4,4,3,0.0,0.0,0.1,1,0,31,41,"75,6",7,21,0,2,1,2024-09-22
Ramon,Cuiabá,23,BRA,LB,23-193,90,0,0,0,0,0,0,0,0,77,2,0,2,0.0,0.0,0.1,4,0,57,70,"81,4",3,36,1,1,1,2024-09-22
Alan Empereur,Cuiabá,33,BRA,CB,30-196,90,0,0,0,0,0,0,0,0,71,0,0,0,0.0,0.0,0.0,1,0,57,64,"89,1",2,41,0,0,0,2024-09-22
Bruno Fabiano Alves,Cuiabá,34,BRA,CB,33-159,90,0,0,0,0,1,1,0,0,70,1,1,2,0.1,0.1,0.0,0,0,52,58,"89,7",0,38,0,0,0,2024-09-22
Matheus Alexandre,Cuiabá,2,BRA,RB,25-168,90,0,0,0,0,0,0,0,0,73,0,0,3,0.0,0.0,0.0,0,0,51,62,"82,3",1,35,1,2,0,2024-09-22
Walter,Cuiabá,1,BRA,GK,36-309,90,0,0,0,0,0,0,0,0,35,0,0,0,0.0,0.0,0.0,0,0,34,34,"100,0",0,22,0,0,0,2024-09-22
Kaio Jorge,Cruzeiro,9,BRA,FW,22-242,90,0,0,0,0,2,1,0,0,19,0,0,0,0.3,0.3,0.0,4,0,10,12,"83,3",3,13,2,0,0,2024-09-22
Mateus Vital,Cruzeiro,7,BRA,LW,26-223,57,0,0,0,0,1,0,0,0,24,0,0,0,0.0,0.0,0.0,2,0,18,19,"94,7",2,18,1,1,1,2024-09-22
Álvaro Barreal,Cruzeiro,21,ARG,"LW,LB",24-036,33,0,0,0,0,3,1,0,0,29,2,0,1,0.2,0.2,0.0,2,0,13,19,"68,4",1,16,0,1,0,2024-09-22
Gabriel Veron,Cruzeiro,30,BRA,RW,22-019,58,0,0,0,0,0,0,0,0,23,3,1,0,0.0,0.0,0.0,1,0,14,19,"73,7",1,12,1,0,0,2024-09-22
Matheus Pereira,Cruzeiro,10,POR,"RW,RM",28-140,32,0,0,0,0,0,0,0,0,18,0,0,0,0.0,0.0,0.2,4,0,14,17,"82,4",3,5,0,0,0,2024-09-22
Kaiki,Cruzeiro,6,BRA,LM,21-198,65,0,0,0,0,1,0,0,0,37,2,1,0,0.1,0.1,0.0,2,0,19,25,"76,0",1,20,2,2,2,2024-09-22
Marlon,Cruzeiro,3,BRA,"CB,LM",27-125,25,0,0,0,0,0,0,0,0,29,1,0,0,0.0,0.0,0.0,0,0,21,28,"75,0",1,16,0,0,0,2024-09-22
Fabrizio Peralta,Cruzeiro,33,PAR,CM,22-051,57,0,0,0,0,1,0,1,0,45,4,0,0,0.0,0.0,0.0,0,0,34,38,"89,5",5,22,0,2,2,2024-09-22
Lucas Silva,Cruzeiro,16,BRA,CM,31-219,33,0,0,0,0,0,0,0,0,29,0,0,0,0.0,0.0,0.2,2,0,23,28,"82,1",3,12,1,1,1,2024-09-22
Ramiro Benetti,Cruzeiro,17,BRA,CM,31-123,90,0,0,0,0,1,0,0,0,70,2,2,1,0.1,0.1,0.0,2,0,56,63,"88,9",7,32,0,0,0,2024-09-22
William,Cruzeiro,12,BRA,"RM,RB",29-172,90,0,0,0,0,4,0,0,0,54,1,0,0,0.2,0.2,0.0,2,0,34,44,"77,3",3,30,2,2,0,2024-09-22
Lucas Villalba,Cruzeiro,25,ARG,CB,30-034,90,0,0,0,0,0,0,0,0,77,1,0,0,0.0,0.0,0.0,0,0,62,72,"86,1",4,49,0,0,0,2024-09-22
João Marcelo,Cruzeiro,43,BRA,CB,24-101,81,0,0,0,0,0,0,0,1,62,1,1,0,0.0,0.0,0.0,0,0,49,55,"89,1",0,38,0,0,0,2024-09-22
Jonathan,Cruzeiro,34,BRA,CB,20-118,71,0,0,0,0,0,0,0,0,48,2,0,0,0.0,0.0,0.0,1,0,30,40,"75,0",1,33,0,0,0,2024-09-22
Lautaro Díaz,Cruzeiro,26,ARG,"LM,CB",26-124,19,0,0,0,0,0,0,0,0,7,0,0,1,0.0,0.0,0.0,0,0,3,4,"75,0",1,3,0,0,0,2024-09-22
Cássio,Cruzeiro,1,BRA,GK,37-108,90,0,0,0,0,0,0,0,0,33,0,0,0,0.0,0.0,0.0,1,0,24,30,"80,0",0,20,0,0,0,2024-09-22
Miguel Monsalve,Grêmio,11,COL,FW,20-208,86,0,0,0,0,1,0,0,0,30,0,0,0,0.1,0.1,0.0,3,1,19,25,"76,0",1,26,5,4,3,2024-09-22
Alexander Aravena,Grêmio,16,CHI,FW,22-016,4,0,0,0,0,1,0,0,0,5,1,0,0,0.1,0.1,0.0,0,0,3,3,"100,0",1,1,0,0,0,2024-09-22
Martin Braithwaite,Grêmio,22,DEN,FW,33-109,73,1,0,0,0,2,1,0,0,18,0,0,1,0.9,0.9,0.0,0,0,7,11,"63,6",1,10,0,2,0,2024-09-22
Diego Costa,Grêmio,19,ESP,FW,35-351,17,1,0,0,0,1,1,0,0,7,0,0,0,0.3,0.3,0.1,1,0,6,7,"85,7",0,5,0,0,0,2024-09-22
Yeferson Soteldo,Grêmio,7,VEN,AM,27-084,87,0,0,0,0,1,0,0,0,37,0,1,1,0.1,0.1,0.1,5,0,21,28,"75,0",5,34,7,12,8,2024-09-22
João Pedro Pepê,Grêmio,23,BRA,AM,26-260,3,0,0,0,0,0,0,0,0,6,0,0,0,0.0,0.0,0.0,0,0,4,5,"80,0",1,4,0,0,0,2024-09-22
Franco Cristaldo,Grêmio,10,ARG,AM,28-038,73,1,0,0,0,2,1,0,0,33,2,1,0,0.1,0.1,0.0,0,0,20,26,"76,9",2,24,0,0,0,2024-09-22
Edenílson,Grêmio,15,BRA,AM,34-279,17,0,1,0,0,0,0,0,0,6,0,0,0,0.0,0.0,0.3,2,1,6,6,"100,0",1,5,1,0,0,2024-09-22
Dodi,Grêmio,17,BRA,DM,28-158,90,0,0,0,0,0,0,0,0,42,8,0,1,0.0,0.0,0.0,1,0,29,32,"90,6",1,21,0,1,1,2024-09-22
Mathías Villasanti,Grêmio,20,PAR,DM,27-242,90,0,0,0,0,1,0,0,0,65,4,1,0,0.1,0.1,0.0,2,1,45,52,"86,5",2,44,1,2,1,2024-09-22
Reinaldo,Grêmio,6,BRA,LB,34-360,86,0,0,0,0,0,0,0,0,55,2,1,0,0.0,0.0,0.2,5,1,28,46,"60,9",2,23,0,1,0,2024-09-22
Mayk,Grêmio,26,BRA,LB,25-022,4,0,0,0,0,0,0,0,0,4,0,0,0,0.0,0.0,0.0,0,0,3,3,"100,0",0,3,0,0,0,2024-09-22
Walter Kannemann,Grêmio,4,ARG,CB,33-192,90,0,0,0,0,1,0,0,0,44,1,1,2,0.1,0.1,0.0,0,0,24,28,"85,7",1,21,0,0,0,2024-09-22
Gustavo Martins Santos,Grêmio,53,BRA,CB,22-042,90,0,0,0,0,0,0,0,0,59,3,0,2,0.0,0.0,0.0,0,0,44,50,"88,0",1,44,0,0,0,2024-09-22
João Pedro,Grêmio,18,BRA,RB,27-312,90,0,1,0,0,2,0,1,0,60,2,0,0,0.0,0.0,0.0,3,2,47,54,"87,0",2,37,3,3,2,2024-09-22
Agustín Marchesín,Grêmio,1,ARG,GK,36-190,90,0,0,0,0,0,0,0,0,36,0,0,0,0.0,0.0,0.0,0,0,21,32,"65,6",0,16,0,0,0,2024-09-22
Carlinhos,Flamengo,22,BRA,FW,27-223,57,0,0,0,0,1,1,0,1,16,0,0,0,0.3,0.3,0.1,3,0,9,10,"90,0",0,9,4,1,0,2024-09-22
Lorran,Flamengo,19,BRA,FW,18-080,74,0,0,0,0,1,1,0,0,51,5,0,1,0.0,0.0,0.0,4,0,37,39,"94,9",3,29,3,0,0,2024-09-22
Wallace,Flamengo,64,BRA,"LM,FW",19-227,16,0,0,0,0,1,0,0,0,5,0,0,0,0.0,0.0,0.0,0,0,1,2,"50,0",0,3,0,1,0,2024-09-22
Carlos Alcaraz,Flamengo,37,ARG,"LM,FW",21-297,85,0,1,0,0,3,1,0,0,49,4,0,1,0.2,0.2,0.1,8,1,28,32,"87,5",3,28,5,4,0,2024-09-22
Felipe Teresa,Flamengo,40,BRA,"LM,FW",18-264,5,1,0,0,0,1,1,0,0,3,0,0,0,0.3,0.3,0.0,0,0,2,2,"100,0",0,1,0,0,0,2024-09-22
Allan,Flamengo,29,BRA,CM,27-203,90,0,0,0,0,1,0,0,0,76,3,2,0,0.0,0.0,0.3,3,0,62,67,"92,5",6,50,1,0,0,2024-09-22
Evertton,Flamengo,52,BRA,CM,21-207,90,0,0,0,0,2,1,0,0,58,3,0,1,0.3,0.3,0.0,5,1,44,48,"91,7",4,33,1,4,4,2024-09-22
Matheus Gonçalves,Flamengo,20,BRA,RM,19-035,90,1,0,0,0,5,2,0,0,83,2,1,1,0.2,0.2,0.1,8,0,54,65,"83,1",7,55,6,6,1,2024-09-22
Ayrton Lucas,Flamengo,6,BRA,LB,27-095,90,0,0,0,0,2,1,0,0,50,3,0,1,0.0,0.0,0.1,2,0,32,39,"82,1",2,33,2,3,2,2024-09-22
Cleiton,Flamengo,33,BRA,CB,21-150,90,0,0,0,0,1,0,0,0,63,2,0,0,0.0,0.0,0.0,1,1,50,59,"84,7",2,45,0,0,0,2024-09-22
David Luiz,Flamengo,23,BRA,CB,37-153,90,0,0,0,0,1,0,0,0,61,0,1,3,0.1,0.1,0.0,1,0,51,54,"94,4",7,39,0,0,0,2024-09-22
Wesley,Flamengo,43,BRA,RB,21-016,89,0,0,0,0,1,0,0,0,82,1,2,1,0.1,0.1,0.0,3,0,64,68,"94,1",2,52,2,5,3,2024-09-22
Daniel Sales,Flamengo,51,BRA,RB,18-091,1,0,0,0,0,0,0,0,0,0,0,0,0,0.0,0.0,0.0,0,0,0,0,,0,0,0,0,0,2024-09-22
Matheus Cunha,Flamengo,25,BRA,GK,23-121,90,0,0,0,0,0,0,0,0,32,0,0,0,0.0,0.0,0.0,0,0,22,31,"71,0",0,25,0,0,0,2024-09-22
André Silva,São Paulo,17,BRA,FW,27-111,90,0,0,0,0,0,0,1,0,24,0,0,1,0.0,0.0,0.0,0,0,14,17,"82,4",3,15,0,2,1,2024-09-22
Lucas Moura,São Paulo,7,BRA,LW,32-040,63,0,1,0,0,2,1,0,0,37,0,1,0,0.2,0.2,0.3,4,2,20,30,"66,7",4,25,1,2,2,2024-09-22
William Gomes,São Paulo,39,BRA,LW,18-191,27,0,0,0,0,0,0,1,0,11,0,0,0,0.0,0.0,0.0,0,0,3,4,"75,0",0,6,1,3,0,2024-09-22
Erick,São Paulo,33,BRA,RW,26-287,76,0,0,0,0,1,0,1,0,41,1,0,0,0.0,0.0,0.0,2,0,19,30,"63,3",2,23,1,5,4,2024-09-22
Rodrigo Nestor,São Paulo,11,BRA,RW,24-044,14,0,0,0,0,0,0,1,0,8,0,0,1,0.0,0.0,0.0,0,0,4,5,"80,0",0,2,0,0,0,2024-09-22
Luciano,São Paulo,10,BRA,AM,31-127,76,1,0,0,0,1,1,0,0,28,1,0,0,0.3,0.3,0.0,1,0,26,27,"96,3",7,19,0,1,1,2024-09-22
Jonathan Calleri,São Paulo,9,ARG,AM,30-365,14,0,0,0,0,0,0,1,0,2,0,0,1,0.0,0.0,0.0,0,0,0,1,"0,0",0,2,1,0,0,2024-09-22
Marcos Antônio,São Paulo,20,BRA,DM,24-101,63,0,0,0,0,0,0,0,0,41,1,0,2,0.0,0.0,0.0,1,0,31,34,"91,2",1,22,2,0,0,2024-09-22
Liziero,São Paulo,26,BRA,DM,26-228,27,0,0,0,0,0,0,0,0,13,1,0,0,0.0,0.0,0.0,0,0,8,8,"100,0",1,8,0,2,0,2024-09-22
Damián Bobadilla,São Paulo,21,PAR,DM,23-073,75,0,0,0,0,3,0,0,0,51,4,1,1,0.2,0.2,0.0,2,0,40,44,"90,9",3,29,1,2,1,2024-09-22
Giuliano Galoppo,São Paulo,8,ARG,DM,25-096,15,0,0,0,0,0,0,0,0,10,0,1,0,0.0,0.0,0.0,0,0,6,8,"75,0",0,5,0,0,0,2024-09-22
Michel Araujo,São Paulo,15,URU,LB,27-360,90,0,0,0,0,0,0,0,0,77,5,0,0,0.0,0.0,0.0,1,0,53,67,"79,1",5,45,3,3,3,2024-09-22
Nahuel Ferraresi,São Paulo,32,VEN,CB,25-308,90,0,0,0,0,0,0,0,0,73,1,0,2,0.0,0.0,0.0,0,0,60,65,"92,3",0,43,0,1,1,2024-09-22
Ruan,São Paulo,22,BRA,CB,25-107,90,0,0,0,0,0,0,0,0,66,4,1,0,0.0,0.0,0.0,0,0,48,57,"84,2",0,33,0,0,0,2024-09-22
Igor Vinícius de Souza,São Paulo,2,BRA,RB,27-174,90,0,0,0,0,0,0,0,0,85,0,1,1,0.0,0.0,0.2,2,0,58,75,"77,3",3,41,2,2,0,2024-09-22
Jandrei,São Paulo,93,BRA,GK,31-205,90,0,0,0,0,0,0,0,0,39,0,0,0,0.0,0.0,0.0,0,0,30,37,"81,1",0,19,0,0,0,2024-09-22
Rafael Borré,Internacional,19,COL,FW,29-007,78,0,0,0,0,2,0,0,0,35,1,0,1,0.3,0.3,0.1,2,0,18,24,"75,0",3,19,2,2,0,2024-09-22
Enner Valencia,Internacional,13,ECU,FW,34-323,12,0,0,0,0,1,0,0,0,8,0,0,0,0.0,0.0,0.0,0,0,4,5,"80,0",0,6,0,0,0,2024-09-22
Wesley,Internacional,21,BRA,LW,25-176,90,0,0,0,0,2,0,1,0,47,2,0,4,0.1,0.1,0.0,5,3,19,31,"61,3",3,23,2,9,5,2024-09-22
Gustavo Prado,Internacional,47,BRA,RW,19-108,66,0,0,0,0,1,1,0,0,24,6,0,1,0.0,0.0,0.0,3,0,7,11,"63,6",0,10,2,4,1,2024-09-22
Wanderson,Internacional,11,BRA,RW,29-351,24,0,0,0,0,1,1,0,0,10,0,0,0,0.0,0.0,0.0,2,0,6,6,"100,0",0,6,2,4,2,2024-09-22
Alan Patrick,Internacional,10,BRA,AM,33-132,90,1,0,0,0,3,1,0,0,46,0,0,1,0.2,0.2,0.3,5,1,25,37,"67,6",4,22,2,1,1,2024-09-22
Thiago Maia,Internacional,29,BRA,DM,27-183,66,1,1,0,0,1,1,0,0,25,1,1,1,0.2,0.2,0.0,4,2,16,18,"88,9",2,7,0,1,1,2024-09-22
Bruno Henrique,Internacional,8,BRA,DM,34-337,24,0,0,0,0,0,0,0,0,15,0,0,1,0.0,0.0,0.0,0,0,9,11,"81,8",3,5,0,2,1,2024-09-22
Fernando,Internacional,5,BRA,DM,37-059,78,0,0,0,0,0,0,0,0,28,2,2,1,0.0,0.0,0.0,1,0,20,23,"87,0",1,9,0,0,0,2024-09-22
Romulo,Internacional,40,BRA,DM,24-205,12,0,0,0,0,0,0,0,0,4,1,1,0,0.0,0.0,0.0,0,0,0,2,"0,0",0,1,0,0,0,2024-09-22
Alexandro Bernabei,Internacional,26,ARG,LB,23-364,90,0,0,0,0,0,0,0,0,45,6,0,2,0.0,0.0,0.0,2,0,24,35,"68,6",2,18,3,1,1,2024-09-22
Gabriel Mercado,Internacional,25,ARG,CB,37-188,35,0,0,0,0,0,0,0,0,23,0,0,0,0.0,0.0,0.0,0,0,18,21,"85,7",1,18,0,0,0,2024-09-22
Agustín Rogel,Internacional,18,URU,CB,26-341,55,0,0,0,0,0,0,0,0,21,0,0,0,0.0,0.0,0.0,0,0,15,19,"78,9",2,13,0,0,0,2024-09-22
Vitão,Internacional,44,BRA,CB,24-233,90,0,0,0,0,2,1,0,0,35,0,1,2,0.1,0.1,0.0,0,0,17,24,"70,8",0,17,0,1,0,2024-09-22
Bruno Gomes,Internacional,15,BRA,RB,23-171,90,1,0,0,0,1,1,0,0,44,2,2,2,0.0,0.0,0.0,0,0,28,32,"87,5",4,20,0,0,0,2024-09-22
Sergio Rochet,Internacional,1,URU,GK,31-183,90,0,0,0,0,0,0,0,0,28,0,0,0,0.0,0.0,0.0,0,0,13,26,"50,0",0,9,0,0,0,2024-09-22
Yannick Bolasie,Criciúma,11,COD,FW,35-121,90,0,0,0,0,3,2,1,0,36,1,0,1,0.2,0.2,0.0,3,0,17,26,"65,4",5,20,3,0,0,2024-09-22
Fellipe Mateus,Criciúma,7,BRA,LM,33-223,68,0,0,0,0,2,0,0,0,45,1,1,2,0.3,0.3,0.0,0,0,25,31,"80,6",3,28,2,1,1,2024-09-22
Jhonata Robert,Criciúma,50,BRA,LM,24-332,22,0,0,0,0,2,1,0,0,28,0,1,1,0.0,0.0,0.0,4,0,17,23,"73,9",3,16,3,0,0,2024-09-22
Matheusinho,Criciúma,17,BRA,CM,26-224,90,0,0,0,0,2,0,0,0,58,0,0,0,0.1,0.1,0.1,4,0,38,47,"80,9",8,32,1,5,2,2024-09-22
Newton,Criciúma,8,BRA,CM,24-194,89,0,0,0,0,3,0,0,0,54,4,5,0,0.2,0.2,0.0,3,0,29,36,"80,6",2,19,1,1,0,2024-09-22
Felipe Vizeu,Criciúma,9,BRA,CM,27-194,1,0,0,0,0,0,0,0,0,4,0,0,0,0.0,0.0,0.0,0,0,2,3,"66,7",0,1,1,0,0,2024-09-22
Allano,Criciúma,2,BRA,RM,29-151,82,0,0,0,0,6,2,0,0,44,0,0,0,0.2,0.2,0.0,5,0,23,28,"82,1",5,25,5,2,2,2024-09-22
Arthur,Criciúma,45,BRA,RM,32-099,8,0,0,0,0,2,0,0,0,10,0,0,0,0.1,0.1,0.0,2,0,4,6,"66,7",0,6,0,0,0,2024-09-22
Barreto,Criciúma,88,BRA,DM,28-287,68,0,0,0,0,0,0,0,0,38,1,1,0,0.0,0.0,0.0,0,0,25,32,"78,1",5,16,0,0,0,2024-09-22
Ronald,Criciúma,6,BRA,DM,27-096,22,0,0,0,0,0,0,0,0,18,1,0,1,0.0,0.0,0.1,3,0,13,15,"86,7",2,7,1,0,0,2024-09-22
Marcelo Hermes,Criciúma,22,BRA,LB,29-234,90,0,0,0,0,1,0,0,0,91,2,3,0,0.0,0.0,0.4,10,0,60,80,"75,0",5,44,3,0,0,2024-09-22
Tobias Figueiredo,Criciúma,29,POR,CB,30-233,90,0,0,0,0,0,0,1,0,61,0,3,0,0.0,0.0,0.0,1,0,43,51,"84,3",2,33,0,0,0,2024-09-22
Rodrigo Fagundes,Criciúma,3,BRA,CB,37-196,90,0,0,0,0,3,1,0,0,83,2,1,1,0.2,0.2,0.1,5,0,59,73,"80,8",3,42,2,0,0,2024-09-22
Luis Eduardo Marques dos Santos,Criciúma,20,BRA,RB,27-115,67,0,0,0,0,0,0,0,0,67,2,2,1,0.0,0.0,0.3,3,0,43,58,"74,1",3,33,1,1,0,2024-09-22
Claudinho,Criciúma,27,BRA,RB,23-364,23,0,0,0,0,2,0,0,0,21,1,0,0,0.1,0.1,0.1,1,0,13,15,"86,7",2,10,0,0,0,2024-09-22
Gustavo,Criciúma,1,BRA,GK,31-196,90,0,0,0,0,0,0,0,0,26,0,0,0,0.0,0.0,0.0,0,0,21,24,"87,5",0,12,0,0,0,2024-09-22
Lucas Di Yorio,Athletico Paranaense,7,ARG,FW,27-305,85,0,0,0,0,1,0,0,0,30,0,0,1,0.2,0.2,0.0,0,0,9,22,"40,9",2,15,1,1,0,2024-09-22
Gonzalo Mastriani,Athletico Paranaense,9,URU,FW,31-147,5,0,0,0,0,0,0,0,0,3,0,0,0,0.0,0.0,0.0,0,0,1,2,"50,0",0,1,0,0,0,2024-09-22
Julimar,Athletico Paranaense,20,BRA,LW,23-241,62,0,0,0,0,1,0,0,0,33,3,0,1,0.0,0.0,0.3,5,0,12,23,"52,2",2,13,4,4,1,2024-09-22
Fernando,Athletico Paranaense,6,BRA,LW,25-008,28,0,0,0,0,0,0,0,0,9,0,0,0,0.0,0.0,0.0,0,0,4,8,"50,0",1,1,1,1,0,2024-09-22
Tomás Cuello,Athletico Paranaense,28,ARG,RW,24-201,90,0,0,0,0,4,1,0,0,35,0,0,0,0.1,0.1,0.2,5,0,18,24,"75,0",6,22,4,7,4,2024-09-22
Bruno Praxedes,Athletico Paranaense,8,BRA,LM,22-227,72,0,0,0,0,0,0,0,0,38,2,1,3,0.0,0.0,0.0,1,0,21,26,"80,8",3,11,2,2,0,2024-09-22
Erick,Athletico Paranaense,26,BRA,LM,26-313,18,0,0,0,0,0,0,0,0,6,0,0,2,0.0,0.0,0.0,0,0,1,3,"33,3",0,1,0,0,0,2024-09-22
Gabriel,Athletico Paranaense,3,BRA,CM,32-074,85,0,0,0,0,0,0,1,0,35,1,1,1,0.0,0.0,0.0,1,0,26,29,"89,7",4,10,1,1,0,2024-09-22
Filipinho,Athletico Paranaense,23,BRA,CM,22-340,5,0,0,0,0,1,1,1,0,5,2,1,0,0.1,0.1,0.0,1,0,0,0,,0,2,0,0,0,2024-09-22
João Machado Cruz,Athletico Paranaense,57,BRA,RM,18-133,45,0,0,0,0,1,0,0,0,14,1,1,1,0.0,0.0,0.0,1,0,4,6,"66,7",0,2,0,0,0,2024-09-22
Christian,Athletico Paranaense,88,BRA,RM,23-278,45,0,0,0,0,2,1,0,0,21,4,0,0,0.1,0.1,0.0,1,0,6,9,"66,7",1,7,0,1,0,2024-09-22
Lucas Esquivel,Athletico Paranaense,37,ARG,LB,22-344,90,0,0,0,0,0,0,0,0,48,1,2,1,0.0,0.0,0.0,0,0,22,39,"56,4",6,12,0,0,0,2024-09-22
Thiago Heleno,Athletico Paranaense,44,BRA,CB,36-005,90,0,0,0,0,0,0,0,0,51,2,1,4,0.0,0.0,0.0,0,0,21,34,"61,8",0,19,0,0,0,2024-09-22
Kaique Rocha,Athletico Paranaense,4,BRA,CB,23-207,90,0,0,0,0,0,0,0,0,41,1,4,1,0.0,0.0,0.0,0,0,18,25,"72,0",1,12,0,0,0,2024-09-22
Mádson,Athletico Paranaense,22,BRA,RB,32-253,90,0,0,0,0,0,0,0,0,38,1,1,2,0.0,0.0,0.0,1,0,18,26,"69,2",3,8,0,0,0,2024-09-22
Mycael,Athletico Paranaense,41,BRA,GK,20-194,90,0,0,0,0,0,0,0,0,45,0,0,0,0.0,0.0,0.0,2,0,24,38,"63,2",0,21,0,0,0,2024-09-22
Juan Martín Lucero,Fortaleza,197,ARG,FW,32-296,75,0,0,0,0,1,1,1,0,15,2,0,0,0.1,0.1,0.0,0,0,5,7,"71,4",0,7,0,2,0,2024-09-21
Renato Kayser,Fortaleza,79,BRA,FW,28-217,15,1,0,0,0,1,1,0,0,7,0,0,0,0.2,0.2,0.0,1,0,5,6,"83,3",0,7,0,1,1,2024-09-21
Leandro Emmanuel Martínez,Fortaleza,8,ARG,LW,30-109,90,0,1,0,0,1,0,0,0,46,3,0,0,0.1,0.1,0.2,3,1,37,40,"92,5",3,18,1,2,2,2024-09-21
Marinho,Fortaleza,11,BRA,RW,34-115,81,2,0,0,0,4,3,0,0,39,2,1,1,0.2,0.2,0.0,4,1,16,22,"72,7",4,24,5,9,3,2024-09-21
Yago Pikachu,Fortaleza,22,BRA,RW,32-108,9,0,0,0,0,0,0,0,0,6,0,0,0,0.0,0.0,0.0,0,0,2,3,"66,7",2,4,0,2,0,2024-09-21
Hércules,Fortaleza,35,BRA,AM,23-337,75,0,0,0,0,0,0,0,0,36,2,0,1,0.0,0.0,0.1,1,0,21,29,"72,4",2,18,3,6,3,2024-09-21
Tomas Pochettino,Fortaleza,7,ARG,AM,28-233,15,1,0,0,1,1,1,0,0,14,0,0,0,0.9,0.0,0.0,2,1,4,9,"44,4",0,5,0,0,0,2024-09-21
José Welison,Fortaleza,17,BRA,DM,29-194,82,0,1,0,0,0,0,0,1,52,2,1,0,0.0,0.0,0.0,1,1,32,43,"74,4",0,28,2,0,0,2024-09-21
Matheus Rossetto,Fortaleza,16,BRA,DM,28-110,86,0,0,0,0,0,0,1,0,60,2,1,0,0.0,0.0,0.0,1,0,50,54,"92,6",4,40,2,3,3,2024-09-21
Pedro Borges,Fortaleza,28,BRA,DM,27-202,4,0,0,0,0,0,0,0,0,7,0,1,1,0.0,0.0,0.0,0,0,3,5,"60,0",0,1,0,0,0,2024-09-21
Eros Mancuso,Fortaleza,33,ARG,LB,25-157,86,0,0,0,0,1,0,0,0,52,1,1,2,0.0,0.0,0.0,1,0,36,41,"87,8",3,25,0,3,1,2024-09-21
Guilherme Tinga,Fortaleza,2,BRA,LB,31-020,4,0,0,0,0,0,0,0,0,6,0,0,1,0.0,0.0,0.0,1,1,4,5,"80,0",0,2,0,0,0,2024-09-21
Tomás Cardona,Fortaleza,25,ARG,CB,28-347,90,0,0,0,0,0,0,0,0,66,8,1,2,0.0,0.0,0.0,0,0,42,51,"82,4",3,31,1,0,0,2024-09-21
Benjamín Kuscevic,Fortaleza,13,CHI,CB,28-142,90,0,0,0,0,0,0,0,0,43,1,1,2,0.0,0.0,0.0,0,0,29,34,"85,3",2,20,0,1,0,2024-09-21
Emanuel Brítez,Fortaleza,19,ARG,RB,32-179,90,0,1,0,0,1,0,0,0,51,1,3,1,0.0,0.0,0.1,3,1,30,43,"69,8",1,22,0,3,3,2024-09-21
João Ricardo Riedi,Fortaleza,1,BRA,GK,36-015,90,0,0,0,0,0,0,0,0,18,0,0,0,0.0,0.0,0.0,1,1,14,17,"82,4",0,8,0,1,1,2024-09-21
Thaciano,Bahia,16,BRA,FW,29-132,45,0,0,0,0,0,0,0,0,12,1,1,0,0.0,0.0,0.0,0,0,6,6,"100,0",2,7,0,0,0,2024-09-21
Rafael Ratão,Bahia,21,BRA,FW,28-296,45,0,0,0,0,2,0,0,0,30,0,0,0,0.1,0.1,0.0,1,0,21,25,"84,0",5,24,0,1,0,2024-09-21
Everaldo Stum,Bahia,9,BRA,FW,33-078,73,1,0,0,0,3,2,0,0,26,3,0,0,0.2,0.2,0.0,1,0,11,15,"73,3",1,15,2,3,1,2024-09-21
Luciano Rodríguez,Bahia,17,URU,AM,21-067,17,0,0,0,0,0,0,0,0,9,0,0,0,0.0,0.0,0.0,1,0,6,7,"85,7",1,8,0,1,0,2024-09-21
Cauly Oliveira Souza,Bahia,8,BRA,AM,29-006,73,0,1,0,0,0,0,0,0,26,0,0,0,0.0,0.0,0.1,3,1,20,25,"80,0",7,24,1,3,2,2024-09-21
Ademir Santos,Bahia,7,BRA,FW,29-218,17,0,0,0,0,1,1,0,0,12,2,0,0,0.0,0.0,0.0,1,0,5,8,"62,5",0,11,0,1,0,2024-09-21
Jean Lucas,Bahia,6,BRA,LM,26-091,90,0,0,0,0,1,1,1,0,47,1,1,0,0.0,0.0,0.0,1,0,34,38,"89,5",9,37,3,1,0,2024-09-21
Caio Alexandre,Bahia,19,BRA,CM,25-210,90,0,0,0,0,1,0,0,0,90,1,0,0,0.0,0.0,0.0,1,0,75,84,"89,3",7,66,5,3,1,2024-09-21
Everton Ribeiro,Bahia,10,BRA,RM,35-164,73,0,0,0,0,0,0,0,0,54,1,1,2,0.0,0.0,0.0,2,0,39,49,"79,6",4,41,3,3,1,2024-09-21
Carlos de Pena,Bahia,14,URU,RM,32-194,17,0,0,0,0,1,0,0,0,28,1,0,0,0.0,0.0,0.0,1,0,21,26,"80,8",4,20,1,0,0,2024-09-21
Luciano Juba,Bahia,46,BRA,LB,25-023,90,0,0,0,0,0,0,0,0,98,5,3,1,0.0,0.0,0.0,0,0,77,85,"90,6",1,69,4,1,1,2024-09-21
Víctor Cuesta,Bahia,15,ARG,CB,35-307,45,0,0,0,0,0,0,0,0,68,0,0,2,0.0,0.0,0.0,0,0,63,66,"95,5",0,59,0,1,1,2024-09-21
Rezende,Bahia,5,BRA,CB,29-263,45,0,0,0,0,0,0,0,0,51,5,0,0,0.0,0.0,0.0,0,0,44,44,"100,0",2,37,0,0,0,2024-09-21
Gabriel,Bahia,3,BRA,CB,23-138,90,0,0,0,0,0,0,0,0,107,1,3,1,0.0,0.0,0.0,1,0,87,95,"91,6",6,79,0,0,0,2024-09-21
Santiago Arias,Bahia,13,COL,RB,32-252,90,0,0,0,0,0,0,0,0,77,3,1,0,0.0,0.0,0.1,3,0,62,74,"83,8",9,54,4,1,1,2024-09-21
Marcos Felipe,Bahia,22,BRA,GK,28-161,90,0,0,0,0,0,0,0,0,50,0,0,0,0.0,0.0,0.0,1,0,43,46,"93,5",0,32,0,0,0,2024-09-21
Martin Braithwaite,Grêmio,22,DEN,FW,33-112,83,0,0,0,0,4,0,0,0,31,0,0,0,0.6,0.6,0.0,1,0,13,18,"72,2",3,16,1,0,0,2024-09-25
Matias Arezo,Grêmio,9,URU,FW,21-309,7,0,0,0,0,0,0,0,0,9,0,0,0,0.0,0.0,0.0,0,0,6,9,"66,7",1,6,0,0,0,2024-09-25
Yeferson Soteldo,Grêmio,7,VEN,"LW,LM",27-087,90,0,0,0,0,0,0,0,0,66,0,1,1,0.0,0.0,0.5,5,0,45,62,"72,6",7,48,17,2,1,2024-09-25
Miguel Monsalve,Grêmio,11,COL,"RW,RM",20-211,83,0,0,0,0,2,0,1,0,49,2,0,0,0.2,0.2,0.1,5,2,31,37,"83,8",3,23,3,6,2,2024-09-25
Alexander Aravena,Grêmio,16,CHI,RM,22-019,7,0,0,0,0,0,0,0,0,6,0,0,0,0.0,0.0,0.0,0,0,4,4,"100,0",0,6,0,2,0,2024-09-25
Franco Cristaldo,Grêmio,10,ARG,AM,28-041,58,0,0,0,0,0,0,0,0,38,0,0,1,0.0,0.0,0.0,1,0,23,32,"71,9",3,20,2,2,1,2024-09-25
Diego Costa,Grêmio,19,ESP,FW,35-354,32,0,1,0,0,1,0,1,0,13,0,0,0,0.1,0.1,0.2,3,0,9,11,"81,8",3,11,0,0,0,2024-09-25
Mathías Villasanti,Grêmio,20,PAR,"DM,CM",27-245,90,1,0,0,0,1,1,0,0,116,4,0,1,0.1,0.1,0.3,4,0,94,103,"91,3",16,72,2,2,0,2024-09-25
Dodi,Grêmio,17,BRA,"DM,CM",28-161,89,0,0,0,0,1,0,0,0,48,1,0,1,0.0,0.0,0.0,2,0,33,38,"86,8",3,32,1,0,0,2024-09-25
Ronald,Grêmio,35,BRA,CM,21-227,1,0,0,0,0,0,0,0,0,10,0,0,0,0.0,0.0,0.0,1,0,9,10,"90,0",2,7,0,0,0,2024-09-25
Reinaldo,Grêmio,6,BRA,LB,34-363,90,0,0,0,0,1,0,0,0,82,5,1,1,0.0,0.0,0.0,3,0,55,69,"79,7",6,40,0,4,2,2024-09-25
Gustavo Martins Santos,Grêmio,53,BRA,CB,22-045,90,0,0,0,0,3,1,0,0,102,1,1,1,0.6,0.6,0.0,0,0,83,89,"93,3",12,72,0,0,0,2024-09-25
Rodrigo Caio,Grêmio,30,BRA,CB,31-039,90,0,0,0,0,0,0,0,0,94,3,1,1,0.0,0.0,0.0,1,0,81,86,"94,2",4,68,1,0,0,2024-09-25
João Pedro,Grêmio,18,BRA,RB,27-315,83,0,0,0,0,2,1,0,0,59,0,0,0,0.1,0.1,0.0,1,0,45,54,"83,3",7,35,6,0,0,2024-09-25
Edenílson,Grêmio,15,BRA,RB,34-282,7,0,0,0,0,0,0,0,0,11,0,0,0,0.0,0.0,0.0,0,0,11,11,"100,0",2,11,1,0,0,2024-09-25
Agustín Marchesín,Grêmio,1,ARG,GK,36-193,90,0,0,0,0,0,0,0,0,29,0,0,0,0.0,0.0,0.0,0,0,26,28,"92,9",0,17,0,0,0,2024-09-25
Arthur,Criciúma,45,BRA,FW,32-102,83,1,1,0,0,3,1,0,0,22,0,0,1,0.4,0.4,0.1,3,2,11,14,"78,6",0,9,1,1,1,2024-09-25
Felipe Vizeu,Criciúma,9,BRA,FW,27-197,7,0,0,0,0,0,0,0,0,4,0,0,0,0.0,0.0,0.0,1,0,2,2,"100,0",1,3,1,0,0,2024-09-25
Fellipe Mateus,Criciúma,7,BRA,LM,33-226,71,0,0,0,0,1,0,1,0,33,0,1,1,0.1,0.1,0.0,1,0,21,25,"84,0",0,13,0,2,0,2024-09-25
Jhonata Robert,Criciúma,50,BRA,LM,24-335,19,0,0,0,0,2,1,0,0,15,1,0,0,0.1,0.1,0.0,2,0,10,11,"90,9",3,10,2,1,0,2024-09-25
Matheusinho,Criciúma,17,BRA,CM,26-227,71,0,0,0,0,0,0,1,0,46,3,0,2,0.0,0.0,0.0,1,0,22,30,"73,3",1,24,1,3,0,2024-09-25
Ronald,Criciúma,6,BRA,CM,27-099,19,1,0,0,0,1,1,1,0,12,1,0,1,0.0,0.0,0.0,1,0,6,7,"85,7",0,6,1,1,0,2024-09-25
Newton,Criciúma,8,BRA,CM,24-197,90,0,0,0,0,1,1,1,0,52,3,1,1,0.0,0.0,0.1,1,0,33,40,"82,5",3,29,3,2,1,2024-09-25
Allano,Criciúma,2,BRA,RM,29-154,90,0,0,0,0,2,0,0,0,58,5,0,0,0.1,0.1,0.0,1,0,32,41,"78,0",6,33,9,6,3,2024-09-25
Barreto,Criciúma,88,BRA,DM,28-290,83,0,0,0,0,0,0,0,0,31,3,1,0,0.0,0.0,0.0,1,1,17,25,"68,0",3,12,0,0,0,2024-09-25
Walisson Maia,Criciúma,33,BRA,CB,33-035,7,0,0,0,0,0,0,1,0,3,0,0,1,0.0,0.0,0.0,0,0,1,1,"100,0",0,0,0,0,0,2024-09-25
Marcelo Hermes,Criciúma,22,BRA,LB,29-237,90,0,0,0,0,0,0,0,0,56,1,3,1,0.0,0.0,0.0,1,0,28,43,"65,1",3,19,1,1,0,2024-09-25
Tobias Figueiredo,Criciúma,29,POR,CB,30-236,90,0,0,0,0,0,0,0,0,43,1,1,5,0.0,0.0,0.0,1,0,19,25,"76,0",1,13,0,0,0,2024-09-25
Rodrigo Fagundes,Criciúma,3,BRA,CB,37-199,90,0,0,0,0,0,0,0,0,53,1,2,2,0.0,0.0,0.0,1,0,30,35,"85,7",2,24,0,0,0,2024-09-25
Luis Eduardo Marques dos Santos,Criciúma,20,BRA,RB,27-118,51,0,0,0,0,0,0,0,0,25,1,0,1,0.0,0.0,0.0,0,0,17,19,"89,5",4,11,0,1,0,2024-09-25
Claudinho,Criciúma,27,BRA,RB,24-001,39,0,0,0,0,1,0,0,0,27,6,0,2,0.0,0.0,0.1,2,0,12,19,"63,2",2,11,2,0,0,2024-09-25
Gustavo,Criciúma,1,BRA,GK,31-199,90,0,0,0,0,0,0,0,0,24,0,0,0,0.0,0.0,0.0,0,0,19,23,"82,6",0,14,0,0,0,2024-09-25
Jhonatan Jowjow,Red Bull Bragantino,6,BRA,FW,22-016,55,1,0,0,0,1,1,0,0,23,1,0,1,0.1,0.1,0.0,0,0,12,16,"75,0",2,15,0,2,0,2024-09-25
Arthur,Red Bull Bragantino,27,BRA,FW,21-197,35,0,0,0,0,0,0,0,0,10,0,0,0,0.0,0.0,0.5,2,0,5,8,"62,5",1,2,0,0,0,2024-09-25
Eduardo Sasha,Red Bull Bragantino,19,BRA,FW,32-214,68,0,1,0,0,1,1,0,0,17,0,0,0,0.0,0.0,0.1,3,1,11,14,"78,6",4,7,0,1,0,2024-09-25
Gustavinho,Red Bull Bragantino,22,BRA,FW,20-155,22,0,0,0,0,1,0,0,0,18,0,0,0,0.0,0.0,0.2,1,0,11,13,"84,6",1,8,0,1,0,2024-09-25
Lincoln,Red Bull Bragantino,10,BRA,CM,25-323,45,0,0,0,0,0,0,0,0,20,1,0,1,0.0,0.0,0.0,1,0,12,17,"70,6",3,12,3,0,0,2024-09-25
Jadsom,Red Bull Bragantino,5,BRA,CM,23-128,45,0,0,0,0,0,0,0,0,25,0,1,0,0.0,0.0,0.0,0,0,17,23,"73,9",1,10,0,0,0,2024-09-25
Matheus Fernandes,Red Bull Bragantino,35,BRA,CM,26-087,60,0,0,0,0,1,0,0,0,38,3,1,1,0.0,0.0,0.0,0,0,18,26,"69,2",4,20,2,1,1,2024-09-25
Sergio Palacios,Red Bull Bragantino,13,COL,"RB,CB",19-224,30,0,0,0,0,0,0,1,0,8,0,1,0,0.0,0.0,0.0,0,0,4,6,"66,7",0,5,0,0,0,2024-09-25
Lucas Evangelista,Red Bull Bragantino,8,BRA,CM,29-142,90,0,1,0,0,1,0,0,0,49,4,2,0,0.1,0.1,0.2,3,1,30,36,"83,3",5,24,2,1,0,2024-09-25
Vitinho,Red Bull Bragantino,28,BRA,"WB,RM",25-177,90,1,0,0,0,3,1,0,0,35,0,0,0,0.8,0.8,0.0,0,0,17,28,"60,7",1,22,3,1,1,2024-09-25
Henry Mosquera,Red Bull Bragantino,30,COL,WB,22-315,55,0,0,0,0,2,1,0,0,32,0,2,0,0.0,0.0,0.0,1,1,19,24,"79,2",1,19,1,1,1,2024-09-25
Vinicius Mendonça,Red Bull Bragantino,54,BRA,"LM,WB",20-218,35,0,0,0,0,0,0,1,0,13,0,1,1,0.0,0.0,0.0,4,1,5,9,"55,6",2,10,4,2,2,2024-09-25
Luan Cândido,Red Bull Bragantino,36,BRA,"CB,CM",23-236,90,0,0,0,0,0,0,1,0,70,0,0,1,0.0,0.0,0.0,0,0,46,65,"70,8",4,38,0,0,0,2024-09-25
Pedro Henrique,Red Bull Bragantino,14,BRA,CB,28-359,90,0,0,0,0,0,0,0,0,48,2,1,1,0.0,0.0,0.0,1,0,27,36,"75,0",1,26,0,0,0,2024-09-25
Douglas Mendes,Red Bull Bragantino,39,BRA,CB,20-104,90,0,0,0,0,0,0,0,0,58,1,3,0,0.0,0.0,0.0,1,0,38,46,"82,6",3,34,1,0,0,2024-09-25
Cleiton Schwengber,Red Bull Bragantino,1,BRA,GK,27-037,90,0,0,0,0,0,0,0,0,40,0,0,0,0.0,0.0,0.0,1,0,25,33,"75,8",0,23,0,0,0,2024-09-25
Rafael Borré,Internacional,19,COL,FW,29-010,75,1,0,0,0,4,3,1,0,40,0,1,0,0.4,0.4,0.1,2,0,18,25,"72,0",6,22,1,0,0,2024-09-25
Enner Valencia,Internacional,13,ECU,FW,34-326,15,1,0,0,0,4,2,0,0,12,0,0,0,0.5,0.5,0.0,2,0,5,5,"100,0",2,7,0,1,0,2024-09-25
Wesley,Internacional,21,BRA,LW,25-179,75,0,0,0,0,3,2,0,0,37,0,0,0,0.3,0.3,0.2,7,0,21,24,"87,5",7,23,4,5,3,2024-09-25
Gustavo Prado,Internacional,47,BRA,LW,19-111,15,0,0,0,0,2,1,0,0,11,0,0,0,0.3,0.3,0.0,2,1,4,6,"66,7",0,9,0,1,0,2024-09-25
Gabriel Carvalho,Internacional,34,BRA,RW,17-039,67,0,0,0,0,3,1,0,0,51,0,0,3,0.1,0.1,0.2,3,0,31,42,"73,8",7,33,3,2,1,2024-09-25
Wanderson,Internacional,11,BRA,RW,29-354,23,0,0,0,0,1,1,0,0,11,0,0,0,0.0,0.0,0.1,2,0,9,10,"90,0",4,5,2,0,0,2024-09-25
Alan Patrick,Internacional,10,BRA,AM,33-135,90,0,1,0,0,4,1,0,0,59,2,0,1,0.4,0.4,0.5,9,1,34,49,"69,4",10,32,4,2,2,2024-09-25
Thiago Maia,Internacional,29,BRA,DM,27-186,75,0,0,0,0,2,0,0,0,33,1,1,0,0.1,0.1,0.0,2,0,21,27,"77,8",8,14,1,1,0,2024-09-25
Bruno Henrique,Internacional,8,BRA,DM,34-340,15,0,0,0,0,1,0,0,0,7,0,0,0,0.1,0.1,0.2,1,0,5,6,"83,3",0,3,0,0,0,2024-09-25
Fernando,Internacional,5,BRA,DM,37-062,90,0,0,0,0,0,0,0,0,52,1,0,1,0.0,0.0,0.0,2,0,38,45,"84,4",2,26,0,0,0,2024-09-25
Alexandro Bernabei,Internacional,26,ARG,LB,24-001,90,0,1,0,0,0,0,0,0,73,0,0,3,0.0,0.0,0.6,8,1,55,67,"82,1",5,29,2,1,1,2024-09-25
Vitão,Internacional,44,BRA,CB,24-236,90,0,0,0,0,0,0,1,0,54,1,1,0,0.0,0.0,0.0,1,0,45,50,"90,0",1,32,1,0,0,2024-09-25
Agustín Rogel,Internacional,18,URU,CB,26-344,20,0,0,0,0,0,0,0,0,14,0,0,0,0.0,0.0,0.0,2,0,13,13,"100,0",0,8,0,0,0,2024-09-25
Igor Gomes,Internacional,3,BRA,CB,23-203,70,0,0,0,0,0,0,0,0,53,1,0,1,0.0,0.0,0.0,0,0,41,47,"87,2",2,29,0,0,0,2024-09-25
Bruno Gomes,Internacional,15,BRA,RB,23-174,90,0,0,0,0,0,0,0,0,77,1,0,0,0.0,0.0,0.0,0,0,51,71,"71,8",7,31,3,0,0,2024-09-25
Sergio Rochet,Internacional,1,URU,GK,31-186,90,0,0,0,0,0,0,0,0,34,0,0,0,0.0,0.0,0.0,0,0,24,34,"70,6",0,17,0,0,0,2024-09-25
José López,Palmeiras,42,ARG,FW,23-297,89,0,0,0,0,5,3,0,0,32,0,0,0,0.4,0.4,0.0,0,0,4,12,"33,3",0,21,2,4,1,2024-09-28
Vitor Reis,Palmeiras,44,BRA,CB,18-260,1,0,0,0,0,0,0,0,0,1,0,0,0,0.0,0.0,0.0,0,0,0,0,,0,0,0,0,0,2024-09-28
Felipe Anderson,Palmeiras,9,BRA,LW,31-166,73,0,0,0,0,1,0,0,0,40,1,0,2,0.4,0.4,0.1,3,1,25,32,"78,1",4,23,1,1,0,2024-09-28
Rony,Palmeiras,10,BRA,"AM,LW,FW",29-140,17,0,0,0,0,2,0,0,0,5,0,0,0,0.0,0.0,0.0,2,0,1,2,"50,0",0,2,0,1,0,2024-09-28
Raphael Veiga,Palmeiras,23,BRA,"RW,DM",29-101,89,2,0,2,2,2,0,0,0,47,0,1,3,1.7,0.1,0.0,2,1,29,36,"80,6",1,21,2,2,1,2024-09-28
Gabriel Menino,Palmeiras,25,BRA,"CM,DM",23-365,1,0,0,0,0,0,0,0,0,3,0,0,0,0.0,0.0,0.0,0,0,0,3,"0,0",0,0,0,0,0,2024-09-28
Mauricio,Palmeiras,18,BRA,AM,23-129,73,0,0,0,0,0,0,0,0,32,0,0,2,0.0,0.0,0.4,5,1,24,28,"85,7",5,19,1,0,0,2024-09-28
Lázaro,Palmeiras,17,BRA,"LW,AM,LM",22-200,17,0,0,0,0,1,1,0,0,10,2,0,0,0.0,0.0,0.0,0,0,4,4,"100,0",0,5,0,1,0,2024-09-28
Fabinho,Palmeiras,35,BRA,DM,22-172,81,0,0,0,0,1,1,1,0,29,0,0,1,0.0,0.0,0.0,0,0,21,23,"91,3",2,15,0,1,1,2024-09-28
Dudu,Palmeiras,7,BRA,"RW,RM",32-265,9,0,0,0,0,1,1,0,0,10,0,0,0,0.1,0.1,0.0,2,1,3,6,"50,0",1,7,2,2,0,2024-09-28
Aníbal Moreno,Palmeiras,5,ARG,"DM,CM",25-138,90,0,0,0,0,0,0,0,0,64,4,2,1,0.0,0.0,0.0,2,0,41,51,"80,4",8,31,1,0,0,2024-09-28
Caio Paulista,Palmeiras,16,BRA,LB,26-140,90,0,0,0,0,0,0,0,0,51,0,1,0,0.0,0.0,0.0,2,0,34,41,"82,9",5,28,0,2,0,2024-09-28
Murilo Cerqueira,Palmeiras,26,BRA,CB,27-185,90,0,0,0,0,0,0,1,0,42,3,1,0,0.0,0.0,0.2,1,0,24,30,"80,0",4,15,0,0,0,2024-09-28
Gustavo Gómez,Palmeiras,15,PAR,CB,31-145,90,0,0,0,0,0,0,0,0,41,1,1,0,0.0,0.0,0.0,1,0,22,32,"68,8",3,21,0,0,0,2024-09-28
Agustín Giay,Palmeiras,4,ARG,RB,20-256,90,0,0,0,0,0,0,0,0,45,0,1,1,0.0,0.0,0.0,1,0,32,39,"82,1",2,23,0,0,0,2024-09-28
Wéverton,Palmeiras,21,BRA,GK,36-290,90,0,0,0,0,0,0,0,0,37,0,0,0,0.0,0.0,0.0,1,0,24,37,"64,9",0,27,0,0,0,2024-09-28
Deyverson,Atlético Mineiro,9,BRA,FW,33-143,80,0,0,0,0,0,0,0,0,21,0,0,0,0.0,0.0,0.0,1,1,10,17,"58,8",1,11,0,1,1,2024-09-28
Eduardo Vargas,Atlético Mineiro,11,CHI,"FW,WB",34-313,10,0,0,0,0,0,0,0,0,4,0,0,0,0.0,0.0,0.0,1,0,3,3,"100,0",0,4,0,0,0,2024-09-28
Hulk,Atlético Mineiro,7,BRA,FW,38-065,90,1,0,0,0,2,1,0,0,34,0,0,2,0.2,0.2,0.0,1,0,13,23,"56,5",3,19,0,3,1,2024-09-28
Igor Gomes,Atlético Mineiro,17,BRA,CM,25-195,60,0,0,0,0,0,0,1,0,25,0,0,1,0.0,0.0,0.0,0,0,14,21,"66,7",1,14,0,1,1,2024-09-28
Carlos Eduardo,Atlético Mineiro,42,BRA,WB,20-127,30,0,0,0,0,0,0,0,0,14,1,1,0,0.0,0.0,0.0,0,0,9,10,"90,0",1,7,0,1,1,2024-09-28
Alan Franco,Atlético Mineiro,23,ECU,CM,26-038,90,0,0,0,0,0,0,0,0,30,0,0,0,0.0,0.0,0.0,0,0,22,30,"73,3",4,20,0,0,0,2024-09-28
Fausto Vera,Atlético Mineiro,18,ARG,CM,24-186,90,0,0,0,0,3,2,0,0,59,3,1,1,0.1,0.1,0.0,0,0,30,39,"76,9",1,31,1,2,2,2024-09-28
Rubens,Atlético Mineiro,44,BRA,WB,23-099,89,0,0,0,0,0,0,1,0,47,5,2,0,0.0,0.0,0.2,5,0,28,36,"77,8",3,26,0,1,1,2024-09-28
Alan Kardec,Atlético Mineiro,14,BRA,FW,35-260,1,0,0,0,0,0,0,0,0,3,0,0,0,0.0,0.0,0.0,0,0,1,1,"100,0",0,0,0,0,0,2024-09-28
Gustavo Scarpa,Atlético Mineiro,6,BRA,WB,30-267,60,0,0,0,0,0,0,0,0,41,1,0,0,0.0,0.0,0.0,1,0,27,36,"75,0",3,25,3,2,0,2024-09-28
Guilherme Arana,Atlético Mineiro,13,BRA,CM,27-167,30,0,0,0,0,0,0,0,0,18,0,0,0,0.0,0.0,0.0,0,0,10,15,"66,7",2,12,1,0,0,2024-09-28
Júnior Alonso,Atlético Mineiro,8,PAR,CB,31-232,90,0,0,0,0,1,0,0,0,75,2,2,0,0.0,0.0,0.0,1,0,55,62,"88,7",4,50,4,0,0,2024-09-28
Rodrigo Battaglia,Atlético Mineiro,21,ARG,CB,33-078,90,0,0,0,0,0,0,0,0,89,1,0,1,0.0,0.0,0.0,2,1,61,75,"81,3",3,60,2,2,1,2024-09-28
Bruno Fuchs,Atlético Mineiro,3,BRA,CB,25-180,90,0,0,0,0,0,0,0,0,69,2,1,2,0.0,0.0,0.0,0,0,50,58,"86,2",4,42,3,1,0,2024-09-28
Éverson,Atlético Mineiro,22,BRA,GK,34-068,90,0,0,0,0,0,0,0,0,56,1,0,0,0.0,0.0,0.0,0,0,45,47,"95,7",0,29,0,0,0,2024-09-28
Gilberto,Juventude,9,BRA,FW,35-116,81,0,0,0,0,1,0,0,0,16,0,0,1,0.0,0.0,0.0,1,0,4,6,"66,7",0,8,1,0,0,2024-09-29
Ronie Carrillo,Juventude,79,ECU,FW,28-021,9,0,0,0,0,0,0,0,0,8,0,0,0,0.0,0.0,0.1,1,0,3,5,"60,0",0,3,1,2,0,2024-09-29
Edson Carioca,Juventude,17,BRA,LW,27-087,64,0,0,0,0,2,1,0,0,20,0,0,0,0.2,0.2,0.0,0,0,7,11,"63,6",3,15,1,2,0,2024-09-29
Ewerton,Juventude,14,BRA,LW,23-324,26,0,0,0,0,1,1,0,0,15,1,0,0,0.0,0.0,0.0,1,0,10,11,"90,9",1,10,0,1,0,2024-09-29
Jadson,Juventude,16,BRA,"DM,RW",31-030,90,0,0,0,0,0,0,0,0,51,3,2,2,0.0,0.0,0.1,6,1,37,40,"92,5",7,34,0,0,0,2024-09-29
Nenê,Juventude,10,BRA,AM,43-072,45,0,0,0,0,0,0,0,0,20,1,0,0,0.0,0.0,0.1,1,0,11,16,"68,8",4,12,0,1,1,2024-09-29
Marcelinho,Juventude,11,BRA,RW,21-293,45,0,0,0,0,1,0,0,0,15,0,0,0,0.0,0.0,0.0,2,0,8,10,"80,0",1,12,1,2,1,2024-09-29
Luis Oyama,Juventude,5,BRA,DM,27-243,45,0,0,0,0,0,0,1,0,30,0,2,0,0.0,0.0,0.0,0,0,22,28,"78,6",1,21,0,0,0,2024-09-29
Luis Mandaca,Juventude,44,BRA,AM,22-363,45,1,0,0,0,2,2,0,0,19,0,0,2,0.4,0.4,0.0,1,0,5,7,"71,4",1,11,2,4,1,2024-09-29
Ronaldo,Juventude,96,BRA,DM,27-342,61,0,0,0,0,0,0,0,0,43,1,0,1,0.0,0.0,0.0,1,0,32,37,"86,5",4,24,0,1,0,2024-09-29
Thiaguinho,Juventude,8,BRA,DM,27-171,29,0,0,0,0,0,0,0,0,10,0,0,1,0.0,0.0,0.0,0,0,7,8,"87,5",0,6,0,0,0,2024-09-29
Alan Ruschel,Juventude,28,BRA,LB,35-037,90,0,0,0,0,0,0,0,0,55,3,0,0,0.0,0.0,0.1,2,0,35,48,"72,9",3,24,1,0,0,2024-09-29
Lucas Freitas,Juventude,43,BRA,CB,23-253,90,0,0,0,0,1,0,0,0,61,0,2,3,0.1,0.1,0.0,2,0,45,51,"88,2",3,40,0,0,0,2024-09-29
Danilo Boza,Juventude,4,BRA,CB,26-146,90,0,0,0,0,1,1,0,0,61,0,3,0,0.1,0.1,0.0,1,0,50,53,"94,3",1,46,0,0,0,2024-09-29
João Lucas,Juventude,2,BRA,RB,26-204,90,0,1,0,0,3,1,0,0,65,2,1,0,0.1,0.1,0.5,2,1,34,56,"60,7",4,33,2,1,1,2024-09-29
Gabriel,Juventude,1,BRA,GK,32-002,90,0,0,0,0,0,0,0,0,42,0,0,0,0.0,0.0,0.0,1,0,30,40,"75,0",0,30,0,0,0,2024-09-29
Eduardo Sasha,Red Bull Bragantino,19,BRA,FW,32-218,90,0,0,0,0,3,2,1,0,33,1,0,0,0.2,0.2,0.1,3,1,20,26,"76,9",7,17,2,0,0,2024-09-29
Jhonatan Jowjow,Red Bull Bragantino,6,BRA,LM,22-020,52,0,0,0,0,0,0,1,0,26,2,0,2,0.0,0.0,0.0,1,0,12,18,"66,7",1,17,2,2,1,2024-09-29
Arthur,Red Bull Bragantino,27,BRA,"FW,LM",21-201,38,0,0,0,0,1,0,0,0,13,0,0,0,0.1,0.1,0.5,2,0,7,8,"87,5",0,6,0,1,1,2024-09-29
Lucas Evangelista,Red Bull Bragantino,8,BRA,CM,29-146,67,0,0,0,0,2,1,0,0,28,0,0,0,0.1,0.1,0.1,4,0,18,22,"81,8",5,13,0,0,0,2024-09-29
Ivan Cavaleiro,Red Bull Bragantino,9,POR,LM,30-347,23,0,0,0,0,2,1,0,0,13,1,0,0,0.2,0.2,0.0,3,0,6,7,"85,7",1,8,0,2,1,2024-09-29
Jadsom,Red Bull Bragantino,5,BRA,CM,23-132,52,0,0,0,0,0,0,0,0,21,2,0,0,0.0,0.0,0.0,0,0,12,16,"75,0",2,11,0,0,0,2024-09-29
Henry Mosquera,Red Bull Bragantino,30,COL,"RM,CM",22-319,38,0,0,0,0,2,1,0,0,21,1,0,0,0.5,0.5,0.2,5,0,13,15,"86,7",1,15,3,5,3,2024-09-29
Vitinho,Red Bull Bragantino,28,BRA,"RM,LM",25-181,67,0,0,0,0,0,0,1,0,24,0,1,0,0.0,0.0,0.0,2,0,12,20,"60,0",1,16,5,0,0,2024-09-29
Lincoln,Red Bull Bragantino,10,BRA,CM,25-327,23,0,0,0,0,0,0,0,0,21,1,1,0,0.0,0.0,0.0,1,0,14,18,"77,8",1,13,1,0,0,2024-09-29
Matheus Fernandes,Red Bull Bragantino,35,BRA,DM,26-091,56,0,0,0,0,1,0,1,0,19,2,1,1,0.0,0.0,0.0,0,0,13,13,"100,0",2,9,0,0,0,2024-09-29
Raul,Red Bull Bragantino,23,BRA,CM,28-080,34,0,0,0,0,0,0,0,0,19,0,0,1,0.0,0.0,0.0,0,0,12,16,"75,0",0,12,0,0,0,2024-09-29
Guilherme,Red Bull Bragantino,31,BRA,LB,22-228,90,0,1,0,0,0,0,0,0,58,2,1,1,0.0,0.0,0.1,3,1,34,45,"75,6",2,28,1,0,0,2024-09-29
Eduardo Santos,Red Bull Bragantino,3,BRA,CB,26-306,90,1,0,0,0,1,1,0,0,45,1,2,0,0.0,0.0,0.0,0,0,27,35,"77,1",2,25,0,0,0,2024-09-29
Pedro Henrique,Red Bull Bragantino,14,BRA,CB,28-363,90,0,0,0,0,1,0,0,0,52,2,2,0,0.1,0.1,0.0,1,0,33,45,"73,3",4,28,0,0,0,2024-09-29
Douglas Mendes,Red Bull Bragantino,39,BRA,RB,20-108,90,0,0,0,0,2,0,1,0,63,3,3,0,0.1,0.1,0.0,1,0,36,52,"69,2",2,28,2,2,2,2024-09-29
Cleiton Schwengber,Red Bull Bragantino,1,BRA,GK,27-041,90,0,0,0,0,0,0,1,0,33,0,0,0,0.0,0.0,0.0,0,0,21,31,"67,7",0,19,0,0,0,2024-09-29
Renato Kayser,Fortaleza,79,BRA,FW,28-225,90,0,0,0,0,2,0,0,0,27,2,0,0,0.2,0.2,0.0,2,0,8,13,"61,5",4,12,2,4,2,2024-09-29
Breno,Fortaleza,26,BRA,LW,28-249,89,0,0,0,0,1,0,0,0,60,1,1,1,0.0,0.0,0.2,5,0,38,50,"76,0",3,36,6,8,3,2024-09-29
Leandro Emmanuel Martínez,Fortaleza,8,ARG,LW,30-117,1,0,0,0,0,0,0,0,0,2,0,0,0,0.0,0.0,0.0,0,0,1,1,"100,0",0,1,0,1,1,2024-09-29
Marinho,Fortaleza,11,BRA,RW,34-123,70,0,0,0,0,1,0,1,0,32,4,1,1,0.0,0.0,0.1,1,0,11,15,"73,3",1,16,0,5,2,2024-09-29
Yago Pikachu,Fortaleza,22,BRA,RW,32-116,20,0,0,0,0,0,0,0,0,21,0,0,1,0.0,0.0,0.0,0,0,12,18,"66,7",0,12,1,1,0,2024-09-29
Kervin Andrade,Fortaleza,77,VEN,AM,19-169,70,0,0,0,0,2,1,0,0,36,0,1,0,0.1,0.1,0.2,7,1,21,26,"80,8",3,17,0,2,1,2024-09-29
Tomas Pochettino,Fortaleza,7,ARG,AM,28-241,20,0,0,0,0,0,0,0,0,20,0,0,0,0.0,0.0,0.0,2,0,16,20,"80,0",3,12,2,1,1,2024-09-29
Matheus Rossetto,Fortaleza,16,BRA,DM,28-118,61,0,0,0,0,0,0,0,0,52,1,1,0,0.0,0.0,0.0,1,0,46,46,"100,0",5,29,0,0,0,2024-09-29
Pedro Borges,Fortaleza,28,BRA,DM,27-210,29,0,0,0,0,0,0,0,0,22,1,0,0,0.0,0.0,0.0,0,0,15,15,"100,0",2,10,0,1,0,2024-09-29
Hércules,Fortaleza,35,BRA,DM,23-345,90,1,0,0,0,1,1,0,0,58,1,0,0,0.1,0.1,0.0,2,1,53,56,"94,6",7,33,0,0,0,2024-09-29
Eros Mancuso,Fortaleza,33,ARG,LB,25-165,89,0,0,0,0,1,0,0,0,58,1,1,1,0.0,0.0,0.0,2,0,43,49,"87,8",4,17,1,2,1,2024-09-29
Guilherme Tinga,Fortaleza,2,BRA,LB,31-028,1,0,0,0,0,0,0,0,0,4,0,0,0,0.0,0.0,0.0,0,0,3,3,"100,0",0,2,0,0,0,2024-09-29
Tomás Cardona,Fortaleza,25,ARG,CB,28-355,90,0,0,0,0,2,2,0,0,79,4,2,1,0.1,0.1,0.0,1,0,53,63,"84,1",6,35,0,0,0,2024-09-29
Benjamín Kuscevic,Fortaleza,13,CHI,CB,28-150,90,0,0,0,0,2,1,0,0,65,3,1,0,0.1,0.1,0.0,0,0,46,54,"85,2",4,30,0,0,0,2024-09-29
Emanuel Brítez,Fortaleza,19,ARG,RB,32-187,90,0,0,0,0,3,1,1,0,55,1,2,0,0.1,0.1,0.0,2,0,39,47,"83,0",3,26,3,0,0,2024-09-29
João Ricardo Riedi,Fortaleza,1,BRA,GK,36-023,90,0,0,0,0,0,0,0,0,27,0,0,0,0.0,0.0,0.0,0,0,17,27,"63,0",0,10,0,0,0,2024-09-29
Isidro Pitta,Cuiabá,9,PAR,FW,25-046,90,0,0,0,0,0,0,1,0,21,0,0,0,0.0,0.0,0.0,0,0,13,17,"76,5",0,12,1,0,0,2024-09-29
Clayson,Cuiabá,25,BRA,LW,29-194,67,0,0,0,0,0,0,0,0,28,0,1,0,0.0,0.0,0.0,0,0,14,23,"60,9",5,21,2,2,0,2024-09-29
Derik Lacerda,Cuiabá,22,BRA,LW,25-002,23,0,0,0,0,0,0,0,0,10,0,0,0,0.0,0.0,0.0,1,0,5,7,"71,4",0,9,1,0,0,2024-09-29
Gustavo Sauer,Cuiabá,19,BRA,RW,31-152,54,0,0,0,0,0,0,0,0,28,3,0,0,0.0,0.0,0.0,0,0,9,16,"56,3",0,16,1,2,0,2024-09-29
Denilson,Cuiabá,27,BRA,RW,23-190,36,0,0,0,0,0,0,1,0,35,2,0,0,0.0,0.0,0.0,0,0,24,30,"80,0",2,22,0,1,1,2024-09-29
Lucas Fernandes,Cuiabá,18,BRA,AM,27-009,82,0,0,0,0,0,0,0,0,34,0,1,0,0.0,0.0,0.0,0,0,26,30,"86,7",1,25,1,2,2,2024-09-29
Eliel Chrystian,Cuiabá,11,BRA,AM,21-247,8,0,0,0,0,0,0,0,0,0,0,0,0,0.0,0.0,0.0,0,0,0,0,,0,1,0,0,0,2024-09-29
Fernando Sobral,Cuiabá,88,BRA,DM,29-287,82,0,0,0,0,0,0,1,0,51,4,1,1,0.0,0.0,0.0,1,0,30,40,"75,0",6,27,1,4,3,2024-09-29
Max,Cuiabá,10,BRA,DM,23-140,8,0,0,0,0,0,0,0,0,12,0,0,0,0.0,0.0,0.0,1,0,8,10,"80,0",1,6,0,1,1,2024-09-29
Lucas Mineiro,Cuiabá,30,BRA,DM,28-218,55,0,0,0,0,0,0,0,0,21,0,1,1,0.0,0.0,0.0,0,0,12,15,"80,0",0,9,0,0,0,2024-09-29
Railan,Cuiabá,21,BRA,DM,24-203,35,0,0,0,0,0,0,0,0,21,1,0,1,0.0,0.0,0.0,1,0,10,17,"58,8",2,14,2,3,2,2024-09-29
Ramon,Cuiabá,23,BRA,LB,23-200,90,0,0,0,0,1,0,0,0,53,3,2,1,0.0,0.0,0.0,0,0,27,36,"75,0",2,20,4,3,1,2024-09-29
Alan Empereur,Cuiabá,33,BRA,CB,30-203,90,0,0,0,0,0,0,1,0,72,1,2,0,0.0,0.0,0.0,0,0,52,65,"80,0",4,52,0,1,0,2024-09-29
Bruno Fabiano Alves,Cuiabá,34,BRA,CB,33-166,90,0,0,0,0,0,0,0,0,55,0,1,1,0.0,0.0,0.0,0,0,46,48,"95,8",0,40,0,2,1,2024-09-29
Matheus Alexandre,Cuiabá,2,BRA,RB,25-175,90,0,0,0,0,1,1,0,0,73,4,2,0,0.0,0.0,0.0,0,0,49,61,"80,3",6,36,0,3,2,2024-09-29
Walter,Cuiabá,1,BRA,GK,36-316,90,0,0,0,0,0,0,0,0,33,0,0,0,0.0,0.0,0.0,0,0,22,32,"68,8",0,21,0,0,0,2024-09-29
Jan Carlos Hurtado,Atlético Goianiense,9,VEN,FW,24-208,76,0,0,0,0,0,0,0,0,16,1,0,1,0.0,0.0,0.1,3,0,8,8,"100,0",1,7,0,1,1,2024-09-29
Derek,Atlético Goianiense,21,BRA,FW,26-302,14,0,0,0,0,0,0,0,0,6,1,0,1,0.0,0.0,0.6,1,0,1,2,"50,0",0,2,0,0,0,2024-09-29
Matías Lacava,Atlético Goianiense,10,VEN,LW,21-341,76,0,0,0,0,2,1,0,0,28,0,0,0,0.0,0.0,0.0,4,0,13,18,"72,2",2,23,5,2,1,2024-09-29
Shaylon,Atlético Goianiense,20,BRA,"RW,LW",27-155,14,0,0,0,0,1,0,0,0,4,0,0,0,0.0,0.0,0.3,2,0,3,3,"100,0",0,1,0,0,0,2024-09-29
Janderson,Atlético Goianiense,11,BRA,"RW,LW",25-216,89,1,0,0,0,3,2,0,0,32,0,1,0,0.4,0.4,0.0,2,0,16,23,"69,6",0,19,2,1,0,2024-09-29
Gonzalo Freitas,Atlético Goianiense,19,URU,"RM,LW",32-363,1,0,0,0,0,0,0,0,0,2,0,0,0,0.0,0.0,0.0,0,0,1,1,"100,0",0,0,0,0,0,2024-09-29
Gabriel Baralhas,Atlético Goianiense,8,BRA,LM,25-355,90,0,1,0,0,4,2,0,0,31,1,0,0,0.4,0.4,0.2,3,1,20,22,"90,9",4,14,0,0,0,2024-09-29
Budiga Roni,Atlético Goianiense,5,BRA,CM,25-167,90,0,0,0,0,2,1,0,0,50,3,0,0,0.0,0.0,0.0,4,0,30,39,"76,9",5,14,1,1,1,2024-09-29
Rhaldney,Atlético Goianiense,7,BRA,RM,25-314,82,0,0,0,0,2,0,0,0,35,4,0,1,0.1,0.1,0.0,4,0,24,27,"88,9",5,20,3,0,0,2024-09-29
Jean Carlos Alves Ferreira,Atlético Goianiense,22,BRA,"RM,RW",19-144,8,0,0,0,0,1,1,0,0,7,0,2,0,0.6,0.6,0.0,1,0,2,3,"66,7",0,2,1,1,1,2024-09-29
Alejo Cruz,Atlético Goianiense,6,URU,LB,24-028,90,0,0,0,0,0,0,0,0,56,1,2,0,0.0,0.0,0.1,4,0,33,48,"68,8",2,24,1,2,1,2024-09-29
Alix Vinicius,Atlético Goianiense,3,BRA,CB,24-328,90,0,0,0,0,1,0,0,0,60,0,3,1,0.0,0.0,0.0,0,0,38,47,"80,9",6,25,1,1,0,2024-09-29
Adriano Martins,Atlético Goianiense,4,BRA,CB,27-181,90,0,0,0,0,0,0,0,0,50,0,1,2,0.0,0.0,0.0,0,0,33,41,"80,5",1,20,0,0,0,2024-09-29
Bruno Tubarão,Atlético Goianiense,2,BRA,RB,29-208,90,0,0,0,0,0,0,0,0,57,3,2,2,0.0,0.0,0.0,1,0,35,46,"76,1",8,18,2,3,1,2024-09-29
Ronaldo,Atlético Goianiense,1,BRA,GK,28-038,90,0,0,0,0,0,0,0,0,26,0,0,0,0.0,0.0,0.0,0,0,18,24,"75,0",0,7,0,0,0,2024-09-29
Germán Cano,Fluminense,14,ARG,FW,36-240,70,0,0,0,0,3,1,0,0,26,0,0,0,0.2,0.2,0.8,3,0,14,17,"82,4",1,13,1,1,1,2024-09-29
Kauã Elias,Fluminense,19,BRA,FW,18-185,20,0,0,0,0,2,0,0,0,10,0,0,0,0.2,0.2,0.0,1,0,5,6,"83,3",0,7,0,1,0,2024-09-29
Keno,Fluminense,11,BRA,LW,35-019,45,0,0,0,0,3,0,1,0,14,0,1,0,0.2,0.2,0.0,0,0,3,5,"60,0",0,9,0,1,0,2024-09-29
Kevin Serna,Fluminense,90,COL,LW,26-287,45,0,0,0,0,1,0,0,0,18,0,0,1,0.8,0.8,0.2,3,0,8,9,"88,9",1,12,1,5,3,2024-09-29
Jhon Arias,Fluminense,21,COL,RW,27-008,90,0,0,0,0,0,0,0,0,53,1,0,1,0.0,0.0,0.2,7,0,42,47,"89,4",6,33,2,2,0,2024-09-29
Ganso,Fluminense,10,BRA,AM,34-353,70,0,0,0,0,0,0,0,0,32,2,1,0,0.0,0.0,0.0,0,0,20,28,"71,4",2,20,0,0,0,2024-09-29
Marquinhos,Fluminense,77,BRA,AM,21-175,20,0,0,0,0,1,0,0,0,8,0,0,0,0.1,0.1,0.1,1,0,4,6,"66,7",0,5,1,0,0,2024-09-29
Facundo Bernal,Fluminense,5,URU,DM,21-039,88,0,0,0,0,3,1,0,0,72,2,0,0,0.1,0.1,0.0,0,0,55,60,"91,7",3,43,1,0,0,2024-09-29
Victor Hugo,Fluminense,20,BRA,DM,20-142,2,0,0,0,0,0,0,0,0,22,0,0,0,0.0,0.0,0.0,0,0,20,22,"90,9",0,13,0,0,0,2024-09-29
Martinelli,Fluminense,8,BRA,DM,23-142,66,0,0,0,0,0,0,0,0,32,2,0,0,0.0,0.0,0.0,0,0,20,23,"87,0",3,17,0,0,0,2024-09-29
Lima,Fluminense,45,BRA,DM,28-110,24,0,0,0,0,0,0,0,0,25,0,0,0,0.0,0.0,0.0,2,0,16,19,"84,2",3,16,0,0,0,2024-09-29
Diogo Barbosa,Fluminense,6,BRA,LB,32-043,90,0,0,0,0,0,0,1,0,60,3,0,0,0.0,0.0,0.0,2,0,46,56,"82,1",4,25,2,0,0,2024-09-29
Thiago dos Santos,Fluminense,29,BRA,CB,35-024,90,0,0,0,0,0,0,0,0,77,0,0,1,0.0,0.0,0.0,2,0,58,73,"79,5",3,61,2,0,0,2024-09-29
Antonio Carlos,Fluminense,25,BRA,CB,31-206,90,0,0,0,0,0,0,0,0,76,1,0,1,0.0,0.0,0.0,2,0,66,71,"93,0",5,52,2,0,0,2024-09-29
Samuel Xavier,Fluminense,2,BRA,RB,34-115,90,0,0,0,0,0,0,0,0,73,3,1,0,0.0,0.0,0.0,2,0,51,64,"79,7",3,37,5,2,2,2024-09-29
Fábio,Fluminense,1,BRA,GK,43-365,90,0,0,0,0,0,0,0,0,40,0,1,0,0.0,0.0,0.0,0,0,29,33,"87,9",0,16,0,0,0,2024-09-29
Jonathan Calleri,São Paulo,9,ARG,FW,31-006,90,0,0,0,0,3,1,1,0,33,1,0,1,0.1,0.1,0.0,6,3,15,23,"65,2",2,18,5,2,2,2024-09-29
Lucas Moura,São Paulo,7,BRA,LW,32-047,90,1,0,1,1,1,0,0,0,47,0,0,1,0.8,0.0,0.1,5,0,27,34,"79,4",5,25,3,5,3,2024-09-29
Wellington Rato,São Paulo,27,BRA,RW,32-093,83,0,1,0,0,5,0,0,0,43,0,0,1,0.6,0.6,0.1,4,1,28,33,"84,8",4,23,1,1,0,2024-09-29
André Silva,São Paulo,17,BRA,RW,27-118,7,1,0,0,0,1,1,0,0,5,0,0,0,0.4,0.4,0.0,0,0,3,4,"75,0",1,6,1,0,0,2024-09-29
Luciano,São Paulo,10,BRA,AM,31-134,69,0,0,0,0,2,1,1,0,27,1,0,1,0.1,0.1,0.4,2,0,17,21,"81,0",5,15,0,0,0,2024-09-29
Erick,São Paulo,33,BRA,AM,26-294,21,0,0,0,0,2,1,1,0,17,1,0,0,0.1,0.1,0.4,4,0,10,13,"76,9",2,12,1,1,0,2024-09-29
Luiz Gustavo,São Paulo,16,BRA,DM,37-068,90,0,0,0,0,1,1,0,0,59,3,2,1,0.1,0.1,0.0,1,0,45,52,"86,5",4,35,2,0,0,2024-09-29
Damián Bobadilla,São Paulo,21,PAR,DM,23-080,70,0,0,0,0,0,0,0,0,26,2,0,0,0.0,0.0,0.0,2,0,20,23,"87,0",2,15,0,0,0,2024-09-29
Liziero,São Paulo,26,BRA,DM,26-235,20,0,0,0,0,1,1,0,0,21,3,0,2,0.0,0.0,0.0,2,1,15,17,"88,2",1,10,1,0,0,2024-09-29
Welington,São Paulo,6,BRA,LB,23-223,83,0,0,0,0,0,0,0,0,38,2,0,0,0.0,0.0,0.0,2,0,27,33,"81,8",2,18,3,1,0,2024-09-29
Jamal Lewis,São Paulo,3,NIR,LB,26-248,7,0,0,0,0,0,0,0,0,6,0,0,0,0.0,0.0,0.1,2,0,4,5,"80,0",1,4,1,1,1,2024-09-29
Alan Franco,São Paulo,28,ARG,CB,27-354,90,0,0,0,0,1,0,1,0,38,0,1,0,0.4,0.4,0.0,0,0,23,31,"74,2",2,17,0,1,1,2024-09-29
Robert Arboleda,São Paulo,5,ECU,CB,32-343,90,1,0,0,0,1,1,0,0,52,1,1,0,0.1,0.1,0.0,1,0,34,42,"81,0",1,26,0,0,0,2024-09-29
Rafinha,São Paulo,13,BRA,RB,39-022,69,0,0,0,0,0,0,1,0,46,0,0,1,0.0,0.0,0.0,2,0,35,42,"83,3",5,21,2,0,0,2024-09-29
Nahuel Ferraresi,São Paulo,32,VEN,RB,25-315,21,0,1,0,0,0,0,1,0,18,0,1,1,0.0,0.0,0.4,2,1,13,14,"92,9",3,6,0,0,0,2024-09-29
Rafael Pires,São Paulo,23,BRA,GK,35-098,90,0,0,0,0,0,0,0,0,30,0,0,0,0.0,0.0,0.0,0,0,28,30,"93,3",0,18,0,0,0,2024-09-29
Yuri Alberto,Corinthians,9,BRA,FW,23-195,90,1,0,0,0,1,1,0,0,23,0,0,0,0.1,0.1,0.1,2,0,12,16,"75,0",0,10,1,1,0,2024-09-29
Ángel Romero,Corinthians,11,PAR,FW,32-087,90,0,0,0,0,2,2,1,0,32,0,0,1,0.2,0.2,0.0,3,0,14,23,"60,9",2,23,1,5,4,2024-09-29
Rodrigo Garro,Corinthians,10,ARG,AM,26-269,59,0,0,0,0,2,0,0,0,37,0,0,0,0.1,0.1,0.0,1,0,23,29,"79,3",4,22,0,1,0,2024-09-29
Memphis,Corinthians,94,NED,AM,30-229,31,0,0,0,0,1,0,0,0,19,0,0,0,0.0,0.0,0.0,1,0,9,15,"60,0",1,17,2,2,1,2024-09-29
Breno,Corinthians,27,BRA,LM,19-222,45,0,0,0,0,3,0,0,0,24,0,0,1,0.2,0.2,0.0,1,0,15,19,"78,9",0,15,1,2,2,2024-09-29
Igor Coronado,Corinthians,77,BRA,LB,32-042,45,0,0,0,0,1,0,1,0,34,1,0,1,0.0,0.0,0.0,2,0,18,28,"64,3",3,22,3,4,2,2024-09-29
José Andrés Martínez,Corinthians,70,VEN,CM,30-053,45,0,0,0,0,0,0,0,0,20,1,0,0,0.0,0.0,0.1,2,0,14,18,"77,8",5,11,1,0,0,2024-09-29
André Carrillo,Corinthians,19,PER,RM,33-107,45,0,1,0,0,1,0,0,0,29,0,2,0,0.0,0.0,0.3,2,1,20,24,"83,3",1,15,0,0,0,2024-09-29
Charles Rigon Matos,Corinthians,8,BRA,"RM,CM",28-102,66,0,0,0,0,0,0,1,0,41,2,2,0,0.0,0.0,0.0,0,0,29,32,"90,6",5,23,2,1,0,2024-09-29
Gustavo Henrique,Corinthians,13,BRA,CB,31-189,24,0,0,0,0,0,0,0,0,10,1,0,0,0.0,0.0,0.0,1,0,6,9,"66,7",1,8,0,0,0,2024-09-29
Matheus Bidu,Corinthians,21,BRA,LB,25-148,45,0,0,0,0,0,0,0,0,24,1,0,1,0.0,0.0,0.0,1,0,17,22,"77,3",3,15,1,1,1,2024-09-29
Félix Torres Caicedo,Corinthians,3,ECU,RB,27-262,45,0,0,0,0,0,0,0,0,28,0,1,1,0.0,0.0,0.0,2,0,20,24,"83,3",2,13,0,0,0,2024-09-29
Cacá,Corinthians,25,BRA,CB,25-157,90,0,0,0,0,0,0,0,0,38,0,0,2,0.0,0.0,0.0,0,0,27,31,"87,1",2,21,0,0,0,2024-09-29
André Ramalho,Corinthians,5,BRA,CB,32-226,62,0,0,0,0,0,0,0,1,29,0,0,0,0.0,0.0,0.0,1,0,24,26,"92,3",2,14,1,1,1,2024-09-29
Fagner,Corinthians,23,BRA,RB,35-110,44,0,0,0,0,0,0,2,1,26,1,1,1,0.0,0.0,0.0,1,0,16,23,"69,6",1,12,0,0,0,2024-09-29
Hugo Souza,Corinthians,1,BRA,GK,25-242,90,0,0,0,0,0,0,0,0,37,0,0,0,0.0,0.0,0.0,0,0,26,34,"76,5",0,18,0,0,0,2024-09-29
Kaio Jorge,Cruzeiro,9,BRA,FW,22-249,90,0,0,0,0,4,3,0,0,27,0,0,0,0.2,0.2,0.1,0,0,11,15,"73,3",2,21,1,0,0,2024-09-29
Gabriel Veron,Cruzeiro,30,BRA,LW,22-026,45,0,0,0,0,0,0,0,0,18,0,1,1,0.0,0.0,0.0,0,0,9,12,"75,0",3,12,2,1,0,2024-09-29
Álvaro Barreal,Cruzeiro,21,ARG,LW,24-043,45,0,1,0,0,0,0,0,0,28,0,0,0,0.0,0.0,0.1,4,1,20,26,"76,9",3,21,1,0,0,2024-09-29
Lautaro Díaz,Cruzeiro,26,ARG,RW,26-131,90,0,0,0,0,3,0,0,0,44,0,0,0,0.2,0.2,0.2,6,0,24,33,"72,7",2,30,4,3,1,2024-09-29
Mateus Vital,Cruzeiro,7,BRA,AM,26-230,69,0,0,0,0,0,0,0,0,34,0,0,1,0.0,0.0,0.0,1,0,27,32,"84,4",3,24,3,3,2,2024-09-29
Fabrizio Peralta,Cruzeiro,33,PAR,AM,22-058,21,0,0,0,0,2,1,0,0,11,0,0,1,0.1,0.1,0.0,0,0,5,7,"71,4",1,4,0,0,0,2024-09-29
Matheus Henrique,Cruzeiro,97,BRA,DM,26-285,90,0,0,0,0,1,0,0,0,57,0,3,1,0.1,0.1,0.0,2,1,42,51,"82,4",3,43,2,1,1,2024-09-29
Lucas Romero,Cruzeiro,29,ARG,DM,30-164,87,0,0,0,0,0,0,0,0,75,3,1,1,0.0,0.0,0.1,6,0,59,68,"86,8",8,55,1,0,0,2024-09-29
Ramiro Benetti,Cruzeiro,17,BRA,DM,31-130,3,0,0,0,0,0,0,0,0,4,0,0,0,0.0,0.0,0.0,1,0,3,4,"75,0",0,2,0,0,0,2024-09-29
Marlon,Cruzeiro,3,BRA,LB,27-132,90,0,0,0,0,0,0,0,0,64,1,1,1,0.0,0.0,0.1,4,0,43,56,"76,8",1,32,0,0,0,2024-09-29
Lucas Villalba,Cruzeiro,25,ARG,CB,30-041,90,0,0,0,0,1,0,0,0,76,2,0,0,0.1,0.1,0.0,3,0,62,67,"92,5",3,51,2,0,0,2024-09-29
Zé Ivaldo,Cruzeiro,5,BRA,CB,27-221,90,1,0,0,0,2,1,0,0,69,3,1,0,0.0,0.0,0.0,1,0,46,58,"79,3",4,43,1,0,0,2024-09-29
William,Cruzeiro,12,BRA,RB,29-179,90,0,0,0,0,2,1,0,0,70,2,2,2,0.1,0.1,0.1,2,0,34,54,"63,0",5,34,4,1,0,2024-09-29
Cássio,Cruzeiro,1,BRA,GK,37-115,90,0,0,0,0,0,0,0,0,22,0,0,0,0.0,0.0,0.0,0,0,19,21,"90,5",0,13,0,0,0,2024-09-29
Pablo Vegetti,Vasco da Gama,99,ARG,"FW,AM",35-350,90,1,0,0,0,2,1,0,0,31,1,0,3,0.8,0.8,0.0,0,0,8,15,"53,3",0,11,0,1,0,2024-09-29
David,Vasco da Gama,7,BRA,LW,28-348,12,0,0,0,0,1,0,0,0,9,0,0,0,0.0,0.0,0.0,0,0,3,6,"50,0",1,4,1,1,1,2024-09-29
Jean Meneses,Vasco da Gama,21,CHI,"LW,AM",31-197,69,0,0,0,0,1,0,0,0,38,0,1,3,0.0,0.0,0.1,1,0,18,25,"72,0",4,21,1,0,0,2024-09-29
Pablo Galdames Millán,Vasco da Gama,27,CHI,DM,27-274,9,0,0,0,0,0,0,0,0,6,0,0,0,0.0,0.0,0.0,0,0,0,4,"0,0",0,1,0,0,0,2024-09-29
Emerson Rodríguez,Vasco da Gama,17,COL,"RW,LW",24-035,90,0,0,0,0,1,1,1,0,24,1,0,0,0.0,0.0,0.0,2,0,10,19,"52,6",1,20,3,1,1,2024-09-29
Philippe Coutinho,Vasco da Gama,11,BRA,AM,32-109,60,0,0,0,0,1,0,0,0,31,1,1,0,0.0,0.0,0.0,1,0,21,23,"91,3",7,18,1,0,0,2024-09-29
Paulo Henrique,Vasco da Gama,96,BRA,RB,28-066,30,0,0,0,0,0,0,0,0,21,2,0,0,0.0,0.0,0.0,1,0,11,15,"73,3",2,6,0,0,0,2024-09-29
Mateus Cocão,Vasco da Gama,85,BRA,DM,22-195,77,0,0,0,0,1,1,0,1,53,2,2,3,0.1,0.1,0.0,1,0,36,41,"87,8",5,30,2,1,1,2024-09-29
Hugo Moura,Vasco da Gama,25,BRA,DM,26-270,60,0,0,0,0,2,1,0,0,30,2,2,1,0.3,0.3,0.0,4,1,22,22,"100,0",1,16,0,0,0,2024-09-29
Juan Sforza,Vasco da Gama,20,ARG,DM,22-228,30,0,0,0,0,0,0,0,0,21,2,0,0,0.0,0.0,0.0,1,0,13,16,"81,3",1,10,0,0,0,2024-09-29
Lucas Piton,Vasco da Gama,6,BRA,LB,23-356,90,0,0,0,0,0,0,0,0,64,2,0,0,0.0,0.0,0.0,3,0,43,58,"74,1",7,37,2,0,0,2024-09-29
Léo Pelé,Vasco da Gama,3,BRA,CB,28-207,90,0,0,0,0,0,0,1,0,48,2,2,0,0.0,0.0,0.0,0,0,33,36,"91,7",3,27,0,0,0,2024-09-29
João Victor,Vasco da Gama,38,BRA,CB,26-074,90,0,0,0,0,0,0,1,0,61,1,1,0,0.0,0.0,0.0,1,0,41,48,"85,4",3,34,2,0,0,2024-09-29
José Luis Rodríguez Bebanz,Vasco da Gama,2,URU,"RB,RW",27-199,90,0,0,0,0,4,0,0,0,44,3,0,1,0.1,0.1,0.4,3,0,18,27,"66,7",3,17,4,1,0,2024-09-29
Léo Jardim,Vasco da Gama,1,BRA,GK,29-193,90,0,0,0,0,0,0,0,0,37,0,0,0,0.0,0.0,0.0,0,0,26,34,"76,5",0,17,0,0,0,2024-09-29
Enner Valencia,Internacional,13,ECU,FW,34-330,71,0,0,0,0,0,0,1,0,18,0,0,0,0.0,0.0,0.0,0,0,10,13,"76,9",0,5,0,2,0,2024-09-29
Lucas Alario,Internacional,31,ARG,FW,31-357,19,0,0,0,0,0,0,0,0,20,0,0,1,0.0,0.0,0.0,0,0,6,14,"42,9",0,4,0,1,1,2024-09-29
Wesley,Internacional,21,BRA,LW,25-183,89,2,0,0,0,3,2,0,0,38,2,0,0,1.2,1.2,0.0,1,1,20,23,"87,0",3,20,2,5,2,2024-09-29
Gustavo Prado,Internacional,47,BRA,LW,19-115,1,0,0,0,0,0,0,0,0,0,0,0,0,0.0,0.0,0.0,0,0,0,0,,0,0,0,0,0,2024-09-29
Gabriel Carvalho,Internacional,34,BRA,RW,17-043,62,0,0,0,0,2,2,0,0,40,3,1,2,0.1,0.1,0.1,1,0,23,28,"82,1",1,21,1,3,1,2024-09-29
Bruno Henrique,Internacional,8,BRA,RW,34-344,28,0,0,0,0,1,0,0,0,12,1,0,0,0.0,0.0,0.0,0,0,6,9,"66,7",1,3,1,0,0,2024-09-29
Alan Patrick,Internacional,10,BRA,AM,33-139,90,1,1,1,1,0,0,0,0,50,2,0,0,0.8,0.0,0.8,4,2,32,41,"78,0",6,25,2,1,1,2024-09-29
Thiago Maia,Internacional,29,BRA,DM,27-190,62,0,1,0,0,1,0,1,0,39,0,0,0,0.1,0.1,0.3,2,1,30,35,"85,7",1,20,2,0,0,2024-09-29
Bruno Tabata,Internacional,17,BRA,DM,27-183,28,0,0,0,0,0,0,0,0,18,0,1,0,0.0,0.0,0.0,2,1,13,14,"92,9",0,5,0,1,1,2024-09-29
Fernando,Internacional,5,BRA,DM,37-066,70,0,0,0,0,1,0,1,0,52,0,1,0,0.1,0.1,0.1,2,0,39,43,"90,7",6,18,2,2,0,2024-09-29
Romulo,Internacional,40,BRA,DM,24-212,20,0,0,0,0,0,0,0,0,15,1,0,0,0.0,0.0,0.0,0,0,11,13,"84,6",1,6,0,0,0,2024-09-29
Alexandro Bernabei,Internacional,26,ARG,LB,24-005,90,0,0,0,0,1,0,0,0,78,4,2,0,0.0,0.0,0.0,2,0,51,65,"78,5",4,39,3,2,0,2024-09-29
Vitão,Internacional,44,BRA,CB,24-240,90,0,0,0,0,0,0,0,0,81,1,1,0,0.0,0.0,0.0,1,0,69,76,"90,8",2,52,2,0,0,2024-09-29
Clayton,Internacional,20,BRA,CB,24-178,90,0,0,0,0,0,0,0,0,74,0,0,1,0.0,0.0,0.0,0,0,64,68,"94,1",4,41,1,0,0,2024-09-29
Bruno Gomes,Internacional,15,BRA,RB,23-178,90,0,0,0,0,0,0,0,0,82,6,0,1,0.0,0.0,0.0,2,1,57,68,"83,8",9,42,1,1,0,2024-09-29
Sergio Rochet,Internacional,1,URU,GK,31-190,90,0,0,0,0,0,0,0,0,29,0,0,0,0.0,0.0,0.0,0,0,17,27,"63,0",0,17,0,0,0,2024-09-29
Alerrandro,Vitória,9,BRA,FW,24-261,90,0,0,0,0,1,0,0,0,23,0,1,1,0.1,0.1,0.0,2,0,15,19,"78,9",0,8,0,0,0,2024-09-29
Carlos Eduardo,Vitória,96,BRA,LW,27-355,62,0,0,0,0,0,0,0,0,23,3,0,0,0.0,0.0,0.1,1,0,5,11,"45,5",1,11,0,5,1,2024-09-29
Everaldo,Vitória,37,BRA,LW,30-124,28,0,0,0,0,1,1,0,0,20,0,0,0,0.0,0.0,0.0,1,0,12,16,"75,0",1,14,1,2,1,2024-09-29
Gustavo Mosquito,Vitória,7,BRA,RW,27-022,81,0,0,0,0,0,0,0,0,21,3,1,0,0.0,0.0,0.0,2,1,12,13,"92,3",2,12,1,2,1,2024-09-29
José Hugo,Vitória,17,BRA,RW,24-348,9,0,0,0,0,0,0,0,0,4,1,0,0,0.0,0.0,0.0,0,0,2,3,"66,7",0,4,0,0,0,2024-09-29
Matheusinho,Vitória,30,BRA,AM,26-347,90,0,0,0,0,2,1,0,0,56,1,0,0,0.1,0.1,0.1,1,0,37,44,"84,1",2,36,1,6,1,2024-09-29
Machado,Vitória,36,BRA,DM,28-253,45,0,0,0,0,0,0,1,0,24,0,1,0,0.0,0.0,0.0,0,0,16,23,"69,6",1,12,0,3,2,2024-09-29
Willian,Vitória,29,BRA,DM,31-136,45,0,0,0,0,1,1,0,0,36,0,0,0,0.1,0.1,0.0,2,0,29,31,"93,5",7,17,0,1,1,2024-09-29
Luan Silva,Vitória,8,BRA,DM,25-138,90,0,0,0,0,0,0,0,0,49,1,2,0,0.0,0.0,0.0,0,0,37,42,"88,1",0,22,0,2,2,2024-09-29
Lucas Esteves,Vitória,16,BRA,LB,24-097,90,0,1,0,0,1,0,0,0,84,1,0,0,0.1,0.1,0.5,4,1,60,77,"77,9",4,42,1,2,1,2024-09-29
Wagner,Vitória,4,BRA,CB,25-068,90,1,0,0,0,1,1,0,0,74,1,2,0,0.2,0.2,0.0,0,0,57,65,"87,7",1,45,0,0,0,2024-09-29
Neris,Vitória,77,BRA,CB,32-104,90,0,0,0,0,0,0,0,0,66,3,3,3,0.0,0.0,0.0,0,0,43,50,"86,0",5,36,0,0,0,2024-09-29
Raúl Cáceres,Vitória,27,PAR,RB,33-011,90,0,0,0,0,0,0,0,0,52,3,3,2,0.0,0.0,0.0,0,0,27,41,"65,9",4,29,1,2,1,2024-09-29
Lucas Arcanjo,Vitória,1,BRA,GK,26-052,90,0,0,0,0,0,0,0,0,35,0,0,0,0.0,0.0,0.0,0,0,25,34,"73,5",0,23,0,0,0,2024-09-29
Everaldo Stum,Bahia,9,BRA,FW,33-086,64,0,0,0,0,4,0,0,0,23,2,0,1,0.4,0.4,0.1,2,0,10,13,"76,9",3,17,4,2,1,2024-09-29
Luciano Rodríguez,Bahia,17,URU,FW,21-075,26,0,0,0,0,1,0,0,0,11,0,0,0,0.2,0.2,0.2,2,0,6,8,"75,0",4,6,1,0,0,2024-09-29
Thaciano,Bahia,16,BRA,FW,29-140,64,0,0,0,0,4,1,0,0,14,0,0,0,0.3,0.3,0.0,1,0,5,8,"62,5",1,8,1,0,0,2024-09-29
Rafael Ratão,Bahia,21,BRA,FW,28-304,26,0,0,0,0,1,0,0,0,19,0,1,1,0.1,0.1,0.1,3,0,10,12,"83,3",4,9,2,4,2,2024-09-29
Everton Ribeiro,Bahia,10,BRA,LM,35-172,90,0,0,0,0,1,1,1,0,90,2,1,2,0.0,0.0,0.3,6,0,56,76,"73,7",9,59,7,2,1,2024-09-29
Cauly Oliveira Souza,Bahia,8,BRA,CM,29-014,74,1,0,0,0,3,2,0,0,41,1,0,0,0.4,0.4,0.3,6,0,27,32,"84,4",4,28,2,2,0,2024-09-29
Ademir Santos,Bahia,7,BRA,CM,29-226,16,0,0,0,0,1,0,0,0,12,0,0,0,0.1,0.1,0.2,1,0,5,6,"83,3",1,8,0,0,0,2024-09-29
Jean Lucas,Bahia,6,BRA,CM,26-099,78,0,0,0,0,2,2,0,0,23,0,0,0,0.4,0.4,0.0,3,0,14,18,"77,8",0,16,0,2,2,2024-09-29
Carlos de Pena,Bahia,14,URU,CM,32-202,12,0,0,0,0,1,0,0,0,15,0,2,0,0.2,0.2,0.1,1,0,7,11,"63,6",1,8,2,1,1,2024-09-29
Caio Alexandre,Bahia,19,BRA,RM,25-218,78,0,0,0,0,0,0,0,0,71,4,0,2,0.0,0.0,0.1,4,0,57,63,"90,5",3,51,2,1,1,2024-09-29
Yago,Bahia,20,BRA,RM,29-239,12,0,0,0,0,0,0,0,0,9,3,0,0,0.0,0.0,0.0,0,0,3,6,"50,0",1,3,0,0,0,2024-09-29
Luciano Juba,Bahia,46,BRA,LB,25-031,90,0,0,0,0,0,0,0,0,67,2,2,1,0.0,0.0,0.6,4,0,51,61,"83,6",8,35,1,0,0,2024-09-29
Kanu,Bahia,4,BRA,CB,27-206,90,0,0,0,0,0,0,0,0,81,0,0,1,0.0,0.0,0.0,1,0,67,76,"88,2",5,61,5,0,0,2024-09-29
Gabriel,Bahia,3,BRA,CB,23-146,90,0,0,0,0,1,0,0,0,79,1,3,0,0.2,0.2,0.0,2,0,67,71,"94,4",6,53,1,0,0,2024-09-29
Santiago Arias,Bahia,13,COL,RB,32-260,90,0,1,0,0,2,0,0,0,76,3,2,0,0.1,0.1,0.1,4,2,49,62,"79,0",6,46,4,2,1,2024-09-29
Marcos Felipe,Bahia,22,BRA,GK,28-169,90,0,0,0,0,0,0,0,0,33,0,0,0,0.0,0.0,0.0,1,0,29,33,"87,9",0,19,0,0,0,2024-09-29
Yannick Bolasie,Criciúma,11,COD,FW,35-128,69,0,0,0,0,1,0,0,0,10,1,0,0,0.1,0.1,0.0,0,0,5,7,"71,4",0,4,2,0,0,2024-09-29
Luis Eduardo Marques dos Santos,Criciúma,20,BRA,"RB,FW",27-122,21,0,0,0,0,0,0,0,0,36,2,0,0,0.0,0.0,0.1,1,0,27,33,"81,8",2,23,1,1,0,2024-09-29
Allano,Criciúma,2,BRA,FW,29-158,77,0,0,0,0,0,0,1,0,37,2,0,0,0.0,0.0,0.1,1,0,26,28,"92,9",2,28,5,5,3,2024-09-29
Felipe Vizeu,Criciúma,9,BRA,FW,27-201,13,0,0,0,0,1,1,0,0,10,0,0,0,0.1,0.1,0.0,0,0,6,7,"85,7",1,6,0,1,1,2024-09-29
Marquinhos Gabriel,Criciúma,10,BRA,AM,34-070,83,0,0,0,0,0,0,0,0,47,3,0,1,0.0,0.0,0.0,0,0,34,43,"79,1",4,27,2,3,2,2024-09-29
Pedro Rocha Neves,Criciúma,28,BRA,AM,29-365,7,0,0,0,0,0,0,0,0,4,1,0,0,0.0,0.0,0.0,1,0,2,3,"66,7",2,3,0,0,0,2024-09-29
Fellipe Mateus,Criciúma,7,BRA,LM,33-230,68,0,0,0,0,0,0,0,0,29,0,2,0,0.0,0.0,0.0,0,0,21,22,"95,5",1,17,1,0,0,2024-09-29
Arthur,Criciúma,45,BRA,"FW,LM",32-106,22,0,0,0,0,0,0,1,0,3,0,0,0,0.0,0.0,0.0,0,0,1,1,"100,0",0,2,0,1,0,2024-09-29
Patrick de Paula,Criciúma,85,BRA,CM,25-021,69,0,0,0,0,0,0,0,0,23,2,3,1,0.0,0.0,0.0,0,0,15,18,"83,3",1,9,1,0,0,2024-09-29
Jhonata Robert,Criciúma,50,BRA,"LM,CM",24-339,21,0,0,0,0,0,0,0,0,22,2,0,1,0.0,0.0,0.0,0,0,13,18,"72,2",5,15,1,0,0,2024-09-29
Barreto,Criciúma,88,BRA,"RM,CM",28-294,90,0,0,0,0,0,0,0,0,46,3,0,2,0.0,0.0,0.0,0,0,30,37,"81,1",3,26,3,1,0,2024-09-29
Marcelo Hermes,Criciúma,22,BRA,LB,29-241,90,0,0,0,0,0,0,0,0,70,1,0,0,0.0,0.0,0.0,0,0,45,69,"65,2",9,31,4,2,1,2024-09-29
Tobias Figueiredo,Criciúma,29,POR,CB,30-240,90,0,0,0,0,0,0,0,0,57,0,2,1,0.0,0.0,0.0,0,0,39,45,"86,7",3,25,0,0,0,2024-09-29
Rodrigo Fagundes,Criciúma,3,BRA,CB,37-203,90,0,0,0,0,0,0,0,0,64,1,1,4,0.0,0.0,0.0,0,0,44,50,"88,0",3,32,0,0,0,2024-09-29
Claudinho,Criciúma,27,BRA,"RB,RM",24-005,90,0,0,0,0,0,0,0,0,65,1,1,2,0.0,0.0,0.0,1,0,50,59,"84,7",8,30,2,0,0,2024-09-29
Gustavo,Criciúma,1,BRA,GK,31-203,90,0,0,0,0,0,0,0,0,35,0,0,0,0.0,0.0,0.0,0,0,25,31,"80,6",0,18,0,0,0,2024-09-29
Gabriel Barbosa,Flamengo,99,BRA,FW,28-030,90,0,0,0,0,2,1,1,0,34,0,0,1,0.1,0.1,0.0,0,0,31,31,"100,0",5,23,3,0,0,2024-09-29
Gonzalo Plata,Flamengo,45,ECU,LW,23-333,60,0,0,0,0,0,0,0,0,36,0,0,2,0.0,0.0,0.0,2,0,23,32,"71,9",3,23,1,1,1,2024-09-29
Giorgian De Arrascaeta,Flamengo,14,URU,LW,30-120,30,0,0,0,0,1,0,0,0,31,0,0,0,0.0,0.0,0.0,0,0,24,29,"82,8",2,19,3,1,1,2024-09-29
Matheus Gonçalves,Flamengo,20,BRA,RW,19-042,74,0,0,0,0,1,0,0,0,70,1,1,1,0.0,0.0,0.2,5,0,49,63,"77,8",7,46,4,3,3,2024-09-29
Nicolás De La Cruz,Flamengo,18,URU,RW,27-120,16,0,0,0,0,0,0,0,0,27,0,0,2,0.0,0.0,0.0,1,1,22,24,"91,7",3,15,1,0,0,2024-09-29
Gerson,Flamengo,8,BRA,AM,27-132,90,1,0,0,0,3,2,0,0,108,6,0,1,0.1,0.1,0.0,4,0,80,90,"88,9",13,67,2,5,1,2024-09-29
Erick Pulgar,Flamengo,5,CHI,DM,30-258,90,0,0,0,0,0,0,0,0,84,3,1,1,0.0,0.0,0.1,2,0,69,70,"98,6",7,54,1,0,0,2024-09-29
Carlos Alcaraz,Flamengo,37,ARG,DM,21-304,60,0,0,0,0,0,0,0,0,58,1,0,1,0.0,0.0,0.0,4,0,50,57,"87,7",3,34,1,0,0,2024-09-29
Bruno Henrique,Flamengo,27,BRA,DM,33-274,30,0,0,0,0,1,0,0,0,21,1,0,0,0.0,0.0,0.0,1,0,10,13,"76,9",0,14,0,1,0,2024-09-29
Ayrton Lucas,Flamengo,6,BRA,LB,27-102,60,0,0,0,0,2,0,0,0,61,0,0,1,0.0,0.0,0.0,2,0,46,50,"92,0",5,36,2,4,1,2024-09-29
Alex Sandro,Flamengo,26,BRA,LB,33-247,30,0,0,0,0,0,0,0,0,34,0,0,0,0.0,0.0,0.1,2,0,31,31,"100,0",3,18,1,1,1,2024-09-29
Leo Ortiz,Flamengo,3,BRA,CB,28-270,90,0,0,0,0,2,0,0,0,92,1,0,1,0.1,0.1,0.0,3,0,74,80,"92,5",14,60,1,0,0,2024-09-29
David Luiz,Flamengo,23,BRA,CB,37-160,74,0,0,0,0,2,0,1,0,63,0,1,2,0.1,0.1,0.1,4,0,51,55,"92,7",6,39,0,1,0,2024-09-29
Léo Pereira,Flamengo,4,BRA,CB,28-242,16,0,0,0,0,0,0,0,0,23,1,1,0,0.0,0.0,0.0,0,0,18,19,"94,7",1,17,0,2,1,2024-09-29
Wesley,Flamengo,43,BRA,RB,21-023,90,0,1,0,0,3,1,0,0,100,2,3,2,0.1,0.1,0.1,2,1,67,78,"85,9",5,65,7,6,1,2024-09-29
Agustín Rossi,Flamengo,1,ARG,GK,29-039,90,0,0,0,0,0,0,0,0,34,0,0,0,0.0,0.0,0.0,0,0,25,32,"78,1",0,20,0,0,0,2024-09-29
Pablo,Athletico Paranaense,92,BRA,FW,32-098,74,0,0,0,0,1,0,0,0,36,1,1,1,0.1,0.1,0.0,2,0,21,28,"75,0",3,23,1,1,1,2024-09-29
Lucas Di Yorio,Athletico Paranaense,7,ARG,FW,27-312,16,0,0,0,0,0,0,0,0,9,0,0,0,0.0,0.0,0.0,0,0,4,8,"50,0",0,3,1,1,1,2024-09-29
Agustín Canobbio,Athletico Paranaense,14,URU,AM,25-364,85,0,0,0,0,1,0,0,0,46,9,2,0,0.0,0.0,0.0,0,0,20,27,"74,1",2,34,6,5,3,2024-09-29
Julimar,Athletico Paranaense,20,BRA,AM,23-248,5,0,0,0,0,0,0,0,0,1,0,0,0,0.0,0.0,0.0,0,0,0,0,,0,1,0,0,0,2024-09-29
Bruno Zapelli,Athletico Paranaense,10,ARG,AM,22-135,65,0,0,0,0,1,1,0,0,36,1,1,2,0.2,0.2,0.0,2,0,17,27,"63,0",3,22,1,4,2,2024-09-29
Bruno Praxedes,Athletico Paranaense,8,BRA,AM,22-234,25,0,0,0,0,0,0,0,0,13,1,0,1,0.0,0.0,0.0,1,0,6,10,"60,0",0,9,0,2,1,2024-09-29
Erick,Athletico Paranaense,26,BRA,CM,26-320,90,0,0,0,0,1,0,0,0,28,3,3,0,0.0,0.0,0.0,0,0,17,19,"89,5",2,20,1,1,1,2024-09-29
Christian,Athletico Paranaense,88,BRA,CM,23-285,90,0,0,0,0,0,0,1,0,38,5,2,0,0.0,0.0,0.0,1,0,28,30,"93,3",2,23,0,1,1,2024-09-29
Lucas Esquivel,Athletico Paranaense,37,ARG,WB,22-351,74,0,0,0,0,1,0,0,0,50,2,2,2,0.1,0.1,0.1,3,0,27,43,"62,8",3,24,1,0,0,2024-09-29
Fernando,Athletico Paranaense,6,BRA,WB,25-015,16,0,0,0,0,0,0,0,0,8,0,0,0,0.0,0.0,0.0,0,0,5,8,"62,5",1,5,1,0,0,2024-09-29
Tomás Cuello,Athletico Paranaense,28,ARG,WB,24-208,85,0,0,0,0,1,0,0,0,60,6,1,4,0.1,0.1,0.2,4,0,33,47,"70,2",5,34,3,1,0,2024-09-29
Mádson,Athletico Paranaense,22,BRA,WB,32-260,5,0,0,0,0,0,0,0,0,4,1,0,0,0.0,0.0,0.0,0,0,2,3,"66,7",1,1,0,0,0,2024-09-29
Mateo Gamarra,Athletico Paranaense,15,PAR,CB,23-345,90,0,0,0,0,0,0,1,0,46,1,2,5,0.0,0.0,0.0,0,0,17,29,"58,6",0,20,0,0,0,2024-09-29
Thiago Heleno,Athletico Paranaense,44,BRA,CB,36-012,90,0,0,0,0,0,0,0,0,26,0,2,3,0.0,0.0,0.0,0,0,14,16,"87,5",2,17,0,0,0,2024-09-29
Kaique Rocha,Athletico Paranaense,4,BRA,CB,23-214,90,0,0,0,0,1,0,0,0,42,1,2,3,0.0,0.0,0.0,0,0,24,27,"88,9",1,22,0,1,1,2024-09-29
Mycael,Athletico Paranaense,41,BRA,GK,20-201,90,0,0,0,0,0,0,0,0,24,0,0,0,0.0,0.0,0.0,0,0,13,22,"59,1",0,9,0,0,0,2024-09-29
Tiquinho Soares,Botafogo (RJ),9,BRA,FW,33-255,77,0,0,0,0,2,0,0,0,20,1,0,0,0.1,0.1,0.1,3,0,9,11,"81,8",2,12,0,1,1,2024-09-28
Júnior Santos,Botafogo (RJ),11,BRA,FW,29-353,13,0,0,0,0,0,0,0,0,3,0,0,0,0.0,0.0,0.0,0,0,0,2,"0,0",0,3,1,2,1,2024-09-28
Thiago Almada,Botafogo (RJ),23,ARG,LW,23-155,45,0,0,0,0,1,0,0,0,29,0,0,0,0.0,0.0,0.1,4,0,22,24,"91,7",6,22,1,2,0,2024-09-28
Jefferson Savarino,Botafogo (RJ),10,VEN,"LM,LW",27-322,45,0,0,0,0,1,1,0,0,24,0,0,0,0.1,0.1,0.1,4,0,14,21,"66,7",3,15,1,1,0,2024-09-28
Luiz Henrique,Botafogo (RJ),7,BRA,"RW,RM",23-270,90,0,0,0,0,3,1,0,0,56,5,2,2,0.1,0.1,0.0,2,0,28,38,"73,7",5,43,7,0,0,2024-09-28
Matheus Martins,Botafogo (RJ),37,BRA,AM,21-074,64,0,0,0,0,0,0,0,0,25,2,1,1,0.0,0.0,0.0,2,0,15,18,"83,3",3,18,4,0,0,2024-09-28
Igor,Botafogo (RJ),99,BRA,FW,23-216,26,0,0,0,0,0,0,1,0,9,0,0,0,0.0,0.0,0.0,0,0,7,8,"87,5",1,8,0,0,0,2024-09-28
Tchê Tchê,Botafogo (RJ),6,BRA,"DM,CM",32-029,90,0,0,0,0,0,0,0,0,71,1,0,2,0.0,0.0,0.0,4,0,62,67,"92,5",14,46,3,0,0,2024-09-28
Danilo Barbosa,Botafogo (RJ),5,BRA,DM,28-213,59,0,0,0,0,1,0,0,0,41,3,1,0,0.0,0.0,0.0,2,0,31,33,"93,9",0,22,1,0,0,2024-09-28
Allan,Botafogo (RJ),28,BRA,"CM,DM",33-264,31,0,0,0,0,0,0,0,0,39,1,1,0,0.0,0.0,0.0,0,0,34,37,"91,9",6,26,1,0,0,2024-09-28
Fernando Marçal,Botafogo (RJ),21,BRA,LB,35-222,60,0,0,0,0,2,0,0,0,42,2,1,1,0.1,0.1,0.3,2,0,25,35,"71,4",4,19,1,0,0,2024-09-28
Alex Telles,Botafogo (RJ),13,BRA,LB,31-288,30,0,0,0,0,2,1,0,0,31,0,0,1,0.1,0.1,0.0,0,0,16,23,"69,6",2,13,2,2,0,2024-09-28
Alexander Barboza,Botafogo (RJ),20,ARG,CB,29-196,90,0,0,0,0,1,0,0,0,78,2,1,1,0.0,0.0,0.0,2,0,60,68,"88,2",5,44,1,0,0,2024-09-28
Bastos,Botafogo (RJ),15,ANG,CB,33-185,90,0,0,0,0,0,0,1,0,78,0,0,0,0.0,0.0,0.0,0,0,72,77,"93,5",6,49,2,0,0,2024-09-28
Vitinho,Botafogo (RJ),22,BRA,RB,25-067,90,0,0,0,0,2,0,0,0,46,2,0,1,0.4,0.4,0.0,5,0,31,39,"79,5",2,22,1,1,1,2024-09-28
John,Botafogo (RJ),12,BRA,GK,28-228,90,0,0,0,0,0,0,0,0,27,0,0,0,0.0,0.0,0.0,0,0,23,26,"88,5",0,12,0,0,0,2024-09-28
Martin Braithwaite,Grêmio,22,DEN,FW,33-115,89,0,0,0,0,1,0,0,0,21,0,1,1,0.0,0.0,0.0,0,0,8,14,"57,1",0,13,1,0,0,2024-09-28
Ronald,Grêmio,35,BRA,FW,21-230,1,0,0,0,0,0,0,0,0,0,0,0,0,0.0,0.0,0.0,0,0,0,0,,0,0,0,0,0,2024-09-28
Alexander Aravena,Grêmio,16,CHI,LW,22-022,60,0,0,0,0,1,1,0,0,18,0,0,0,0.0,0.0,0.0,2,0,12,14,"85,7",1,15,2,3,2,2024-09-28
Nathan Fernandes,Grêmio,32,BRA,LW,19-225,30,0,0,0,0,0,0,0,0,9,1,1,0,0.0,0.0,0.0,1,0,4,4,"100,0",0,5,0,1,1,2024-09-28
Edenílson,Grêmio,15,BRA,RW,34-285,80,0,0,0,0,2,1,0,0,22,0,1,0,0.2,0.2,0.0,2,0,13,17,"76,5",1,18,1,4,4,2024-09-28
Igor Schlemper,Grêmio,34,BRA,RW,19-211,10,0,0,0,0,0,0,0,0,7,2,0,0,0.0,0.0,0.0,0,0,1,2,"50,0",0,1,0,0,0,2024-09-28
Franco Cristaldo,Grêmio,10,ARG,AM,28-044,60,0,0,0,0,0,0,0,0,39,0,1,0,0.0,0.0,0.1,2,0,30,36,"83,3",8,33,2,2,1,2024-09-28
Miguel Monsalve,Grêmio,11,COL,AM,20-214,28,0,0,0,0,1,0,0,1,10,0,0,0,0.0,0.0,0.0,1,0,5,9,"55,6",0,9,0,3,3,2024-09-28
João Pedro Pepê,Grêmio,23,BRA,DM,26-266,80,0,0,0,0,1,1,0,0,43,2,1,0,0.0,0.0,0.0,2,0,34,37,"91,9",0,33,1,0,0,2024-09-28
Dodi,Grêmio,17,BRA,DM,28-164,10,0,0,0,0,0,0,0,0,1,0,1,0,0.0,0.0,0.0,0,0,0,0,,0,1,0,0,0,2024-09-28
Mathías Villasanti,Grêmio,20,PAR,DM,27-248,90,0,0,0,0,1,0,1,0,44,1,3,2,0.2,0.2,0.2,3,0,30,34,"88,2",3,27,0,0,0,2024-09-28
Reinaldo,Grêmio,6,BRA,LB,35-000,90,0,0,0,0,2,1,0,0,44,0,0,1,0.1,0.1,0.2,2,0,16,28,"57,1",1,17,3,3,0,2024-09-28
Walter Kannemann,Grêmio,4,ARG,CB,33-198,90,0,0,0,0,1,0,1,0,39,1,3,2,0.1,0.1,0.0,2,0,22,26,"84,6",2,25,1,2,2,2024-09-28
Gustavo Martins Santos,Grêmio,53,BRA,CB,22-048,90,0,0,0,0,0,0,0,0,40,2,0,2,0.0,0.0,0.0,0,0,24,31,"77,4",2,25,0,0,0,2024-09-28
João Pedro,Grêmio,18,BRA,RB,27-318,90,0,0,0,0,1,0,0,0,44,3,2,0,0.0,0.0,0.0,2,0,20,34,"58,8",0,22,2,2,1,2024-09-28
Agustín Marchesín,Grêmio,1,ARG,GK,36-196,90,0,0,0,0,0,0,1,0,33,0,0,0,0.0,0.0,0.0,0,0,21,32,"65,6",0,10,0,0,0,2024-09-28
