Sem,Dia,Data,Horário,Em casa,xG,Resultado,xG,Visitante,Público,Local,Árbitro,Relatório da Partida,Notas,Link Relatório
1,sáb,2024-04-13,18:30,Criciúma,0.7,1–1,0.6,Juventude,12.804,Estádio Heriberto Hülse,,Relatório da Partida,,/pt/partidas/60ef737d/Criciuma-Juventude-2024Abril13-Serie-A
1,sáb,2024-04-13,18:30,Internacional,1.9,2–1,0.7,Bahia,19.103,Estádio José Pinheiro Borba,,Relatório da Partida,,/pt/partidas/620b512a/Internacional-Bahia-2024Abril13-Serie-A
1,dom,2024-04-14,16:00,Ath Paranaense,2.0,4–0,0.3,Cuiabá,21.388,Ligga Arena,,Relatório da Partida,,/pt/partidas/086cf01e/Athletico-Paranaense-Cuiaba-2024Abril14-Serie-A
1,dom,2024-04-14,16:00,Vasco da Gama,0.9,2–1,1.2,Grêmio,17.722,Estádio Club de Regatas Vasco da Gama,,Relatório da Partida,,/pt/partidas/865e8350/Vasco-da-Gama-Gremio-2024Abril14-Serie-A
1,dom,2024-04-14,16:00,Corinthians,0.5,0–0,0.3,Atlético Mineiro,44.285,Neo Química Arena,,Relatório da Partida,,/pt/partidas/d3926429/Corinthians-Atletico-Mineiro-2024Abril14-Serie-A
1,dom,2024-04-14,16:00,Atl Goianiense,1.6,1–2,1.2,Flamengo,31.617,Estádio do Governo do Estado de Goiás,,Relatório da Partida,,/pt/partidas/d95fadf2/Atletico-Goianiense-Flamengo-2024Abril14-Serie-A
1,dom,2024-04-14,17:00,Cruzeiro,1.6,3–2,2.0,Botafogo (RJ),20.701,Estádio Governador Magalhães Pinto,,Relatório da Partida,,/pt/partidas/37353de0/Cruzeiro-Botafogo-RJ-2024Abril14-Serie-A
1,dom,2024-04-14,18:30,Vitória,1.4,0–1,0.8,Palmeiras,30.644,Estádio Manoel Barradas,,Relatório da Partida,,/pt/partidas/e8d2edb8/Vitoria-Palmeiras-2024Abril14-Serie-A
1,sáb,2024-04-13,21:00,Fluminense,1.8,2–2,1.2,Red Bull Bragantino,17.645,Estadio Jornalista Mário Filho,,Relatório da Partida,,/pt/partidas/5aee04aa/Fluminense-Red-Bull-Bragantino-2024Abril13-Serie-A
1,sáb,2024-04-13,21:00,São Paulo,0.5,1–2,0.4,Fortaleza,35.055,Estádio do Morumbi,,Relatório da Partida,,/pt/partidas/93f72e31/Sao-Paulo-Fortaleza-2024Abril13-Serie-A
2,qua,2024-04-17,19:00,Grêmio,1.1,2–0,0.2,Ath Paranaense,13.236,Arena do Grêmio,,Relatório da Partida,,/pt/partidas/12462f89/Gremio-Athletico-Paranaense-2024Abril17-Serie-A
2,qua,2024-04-17,19:00,Red Bull Bragantino,0.9,2–1,1.2,Vasco da Gama,5.448,Estádio Nabi Abi Chedid,,Relatório da Partida,,/pt/partidas/4ad46089/Red-Bull-Bragantino-Vasco-da-Gama-2024Abril17-Serie-A
2,qua,2024-04-17,20:00,Juventude,1.6,2–0,1.1,Corinthians,7.478,Estádio Alfredo Jaconi,,Relatório da Partida,,/pt/partidas/11eccb6a/Juventude-Corinthians-2024Abril17-Serie-A
2,qua,2024-04-17,20:00,Atlético Mineiro,1.0,1–1,0.3,Criciúma,21.726,Arena MRV,,Relatório da Partida,,/pt/partidas/1d4e7bb0/Atletico-Mineiro-Criciuma-2024Abril17-Serie-A
2,qua,2024-04-17,20:00,Palmeiras,1.4,0–1,1.1,Internacional,13.464,Allianz Parque,,Relatório da Partida,,/pt/partidas/5447208f/Palmeiras-Internacional-2024Abril17-Serie-A
2,qua,2024-04-17,20:00,Fortaleza,0.6,1–1,0.8,Cruzeiro,21.726,Estádio Castelão,,Relatório da Partida,,/pt/partidas/69ea969f/Fortaleza-Cruzeiro-2024Abril17-Serie-A
2,ter,2024-04-16,21:30,Bahia,1.1,2–1,0.4,Fluminense,23.080,Itaipava Arena Fonte Nova,,Relatório da Partida,,/pt/partidas/c7829e3b/Bahia-Fluminense-2024Abril16-Serie-A
2,qua,2024-04-17,21:30,Flamengo,1.3,2–1,0.7,São Paulo,45.166,Estadio Jornalista Mário Filho,,Relatório da Partida,,/pt/partidas/8929c613/Flamengo-Sao-Paulo-2024Abril17-Serie-A
2,qui,2024-04-18,21:30,Botafogo (RJ),0.6,1–0,0.9,Atl Goianiense,7.801,Estádio Nilton Santos,,Relatório da Partida,,/pt/partidas/4752f8cc/Botafogo-RJ-Atletico-Goianiense-2024Abril18-Serie-A
3,sáb,2024-04-20,16:00,Fluminense,1.3,2–1,1.9,Vasco da Gama,25.842,Estadio Jornalista Mário Filho,,Relatório da Partida,,/pt/partidas/85ba5adf/Fluminense-Vasco-da-Gama-2024Abril20-Serie-A
3,sáb,2024-04-20,18:30,Red Bull Bragantino,0.5,1–0,1.2,Corinthians,9.466,Estádio Nabi Abi Chedid,,Relatório da Partida,,/pt/partidas/45a73a6c/Red-Bull-Bragantino-Corinthians-2024Abril20-Serie-A
3,sáb,2024-04-20,18:30,Grêmio,0.6,1–0,1.3,Cuiabá,22.904,Arena do Grêmio,,Relatório da Partida,,/pt/partidas/891473c5/Gremio-Cuiaba-2024Abril20-Serie-A
3,dom,2024-04-21,16:00,Vitória,1.6,2–2,2.5,Bahia,27.609,Estádio Manoel Barradas,,Relatório da Partida,,/pt/partidas/0d52ac06/Vitoria-Bahia-2024Abril21-Serie-A
3,dom,2024-04-21,16:00,Palmeiras,0.4,0–0,0.2,Flamengo,29.956,Allianz Parque,,Relatório da Partida,,/pt/partidas/a47977b4/Palmeiras-Flamengo-2024Abril21-Serie-A
3,dom,2024-04-21,16:00,Ath Paranaense,0.8,1–0,1.6,Internacional,29.784,Ligga Arena,,Relatório da Partida,,/pt/partidas/eccd538c/Athletico-Paranaense-Internacional-2024Abril21-Serie-A
3,dom,2024-04-21,18:30,Atl Goianiense,0.2,0–3,1.7,São Paulo,8.024,Estádio Antônio Accioly,,Relatório da Partida,,/pt/partidas/90efe95f/Atletico-Goianiense-Sao-Paulo-2024Abril21-Serie-A
3,dom,2024-04-21,18:30,Botafogo (RJ),2.9,5–1,0.3,Juventude,13.273,Estádio Municipal Nílton Santos,,Relatório da Partida,,/pt/partidas/ef588d50/Botafogo-RJ-Juventude-2024Abril21-Serie-A
3,sáb,2024-04-20,21:00,Atlético Mineiro,1.1,3–0,0.8,Cruzeiro,39.541,Arena MRV,,Relatório da Partida,,/pt/partidas/2805e796/Atletico-Mineiro-Cruzeiro-2024Abril20-Serie-A
4,sáb,2024-04-27,16:00,Vasco da Gama,1.9,0–4,1.4,Criciúma,17.124,Estádio Club de Regatas Vasco da Gama,,Relatório da Partida,,/pt/partidas/ba508006/Vasco-da-Gama-Criciuma-2024Abril27-Serie-A
4,sáb,2024-04-27,17:30,Cuiabá,0.2,0–3,2.1,Atlético Mineiro,6.711,Arena Pantanal,,Relatório da Partida,,/pt/partidas/069d6245/Cuiaba-Atletico-Mineiro-2024Abril27-Serie-A
4,dom,2024-04-28,11:00,Flamengo,0.8,0–2,1.0,Botafogo (RJ),53.683,Estadio Jornalista Mário Filho,,Relatório da Partida,,/pt/partidas/c6c5b0eb/Flamengo-Botafogo-RJ-2024Abril28-Serie-A
4,dom,2024-04-28,16:00,Cruzeiro,1.2,3–1,0.3,Vitória,20.083,Estádio Governador Magalhães Pinto,,Relatório da Partida,,/pt/partidas/2ec6867f/Cruzeiro-Vitoria-2024Abril28-Serie-A
4,dom,2024-04-28,16:00,Corinthians,1.2,3–0,0.4,Fluminense,42.119,Neo Química Arena,,Relatório da Partida,,/pt/partidas/a8cf2dc2/Corinthians-Fluminense-2024Abril28-Serie-A
4,dom,2024-04-28,18:30,Fortaleza,1.7,1–1,0.5,Red Bull Bragantino,18.113,Estádio Castelão,,Relatório da Partida,,/pt/partidas/4bfd8bae/Fortaleza-Red-Bull-Bragantino-2024Abril28-Serie-A
4,dom,2024-04-28,18:30,Juventude,1.2,1–1,1.3,Ath Paranaense,5.032,Estádio Alfredo Jaconi,,Relatório da Partida,,/pt/partidas/8a55364b/Juventude-Athletico-Paranaense-2024Abril28-Serie-A
4,dom,2024-04-28,20:00,Internacional,1.9,1–1,0.3,Atl Goianiense,28.468,Estádio José Pinheiro Borba,,Relatório da Partida,,/pt/partidas/de23a072/Internacional-Atletico-Goianiense-2024Abril28-Serie-A
4,sáb,2024-04-27,21:00,Bahia,1.1,1–0,0.1,Grêmio,35.836,Itaipava Arena Fonte Nova,,Relatório da Partida,,/pt/partidas/8c6f889c/Bahia-Gremio-2024Abril27-Serie-A
4,seg,2024-04-29,20:00,São Paulo,0.9,0–0,0.8,Palmeiras,55.694,Estádio do Morumbi,,Relatório da Partida,,/pt/partidas/8610ca29/Sao-Paulo-Palmeiras-2024Abril29-Serie-A
5,sáb,2024-05-04,16:00,Fluminense,1.8,2–2,1.3,Atlético Mineiro,5.168,Estádio Kleber José de Andrade,,Relatório da Partida,,/pt/partidas/deddd3ba/Fluminense-Atletico-Mineiro-2024Maio4-Serie-A
5,sáb,2024-05-04,18:30,Red Bull Bragantino,0.6,1–1,1.8,Flamengo,9.917,Estádio Nabi Abi Chedid,,Relatório da Partida,,/pt/partidas/4040e59f/Red-Bull-Bragantino-Flamengo-2024Maio4-Serie-A
5,dom,2024-05-05,16:00,Vitória,0.2,1–3,2.9,São Paulo,25.739,Estádio Manoel Barradas,,Relatório da Partida,,/pt/partidas/220684d8/Vitoria-Sao-Paulo-2024Maio5-Serie-A
5,dom,2024-05-05,16:00,Ath Paranaense,2.3,1–0,0.5,Vasco da Gama,31.192,Ligga Arena,,Relatório da Partida,,/pt/partidas/87ea58c7/Athletico-Paranaense-Vasco-da-Gama-2024Maio5-Serie-A
5,dom,2024-05-05,17:30,Cuiabá,0.4,0–2,1.8,Palmeiras,10.781,Arena Pantanal,,Relatório da Partida,,/pt/partidas/d141f173/Cuiaba-Palmeiras-2024Maio5-Serie-A
5,dom,2024-05-05,18:30,Botafogo (RJ),0.8,1–2,2.8,Bahia,22.685,Estádio Nilton Santos,,Relatório da Partida,,/pt/partidas/4537cc2f/Botafogo-RJ-Bahia-2024Maio5-Serie-A
5,sáb,2024-05-04,21:00,Corinthians,1.9,0–0,1.1,Fortaleza,42.456,Neo Química Arena,,Relatório da Partida,,/pt/partidas/2e483295/Corinthians-Fortaleza-2024Maio4-Serie-A
6,sáb,2024-05-11,16:00,Flamengo,1.7,2–0,1.6,Corinthians,56.829,Estadio Jornalista Mário Filho,,Relatório da Partida,,/pt/partidas/206a47aa/Flamengo-Corinthians-2024Maio11-Serie-A
6,dom,2024-05-12,16:00,Palmeiras,1.7,0–2,0.9,Ath Paranaense,12.108,Arena Barueri,,Relatório da Partida,,/pt/partidas/73bffc53/Palmeiras-Athletico-Paranaense-2024Maio12-Serie-A
6,dom,2024-05-12,16:00,Atl Goianiense,1.5,0–1,0.5,Cruzeiro,7.576,Estádio Antônio Accioly,,Relatório da Partida,,/pt/partidas/c7b55047/Atletico-Goianiense-Cruzeiro-2024Maio12-Serie-A
6,dom,2024-05-12,16:00,Fortaleza,0.6,1–1,0.6,Botafogo (RJ),15.914,Estádio Castelão,,Relatório da Partida,,/pt/partidas/fec27399/Fortaleza-Botafogo-RJ-2024Maio12-Serie-A
6,dom,2024-05-12,18:30,Bahia,0.8,1–0,0.5,Red Bull Bragantino,36.820,Itaipava Arena Fonte Nova,,Relatório da Partida,,/pt/partidas/b6e02908/Bahia-Red-Bull-Bragantino-2024Maio12-Serie-A
6,dom,2024-05-12,18:30,Vasco da Gama,1.7,2–1,1.7,Vitória,11.084,Estádio Club de Regatas Vasco da Gama,,Relatório da Partida,,/pt/partidas/cbb799c7/Vasco-da-Gama-Vitoria-2024Maio12-Serie-A
6,seg,2024-05-13,20:00,São Paulo,1.8,2–1,0.6,Fluminense,39.515,Estádio do Morumbi,,Relatório da Partida,,/pt/partidas/7a7905d4/Sao-Paulo-Fluminense-2024Maio13-Serie-A
7,sáb,2024-06-01,16:00,Vitória,0.6,0–2,1.4,Atl Goianiense,16.008,Estádio Manoel Barradas,,Relatório da Partida,,/pt/partidas/1ad27438/Vitoria-Atletico-Goianiense-2024Junho1-Serie-A
7,sáb,2024-06-01,16:00,Grêmio,0.8,0–2,1.4,Red Bull Bragantino,7.563,Estádio Major Antônio Couto Pereira,,Relatório da Partida,,/pt/partidas/a0f3804e/Gremio-Red-Bull-Bragantino-2024Junho1-Serie-A
7,sáb,2024-06-01,17:30,Cuiabá,0.4,0–1,1.0,Internacional,5.747,Arena Pantanal,,Relatório da Partida,,/pt/partidas/9fe8507f/Cuiaba-Internacional-2024Junho1-Serie-A
7,sáb,2024-06-01,18:30,Fluminense,2.3,1–1,1.3,Juventude,21.037,Estadio Jornalista Mário Filho,,Relatório da Partida,,/pt/partidas/004af2f4/Fluminense-Juventude-2024Junho1-Serie-A
7,dom,2024-06-02,16:00,Criciúma,1.2,1–2,2.7,Palmeiras,19.027,Estádio Heriberto Hülse,,Relatório da Partida,,/pt/partidas/3791ec20/Criciuma-Palmeiras-2024Junho2-Serie-A
7,dom,2024-06-02,16:00,Atlético Mineiro,1.0,1–1,0.4,Bahia,37.994,Arena MRV,,Relatório da Partida,,/pt/partidas/7d73c766/Atletico-Mineiro-Bahia-2024Junho2-Serie-A
7,dom,2024-06-02,16:00,Vasco da Gama,0.1,1–6,3.8,Flamengo,62.228,Estadio Jornalista Mário Filho,,Relatório da Partida,,/pt/partidas/af654f03/Classico-dos-Milhoes-Vasco-da-Gama-Flamengo-2024Junho2-Serie-A
7,dom,2024-06-02,18:30,São Paulo,0.6,2–0,0.6,Cruzeiro,44.928,Estádio do Morumbi,,Relatório da Partida,,/pt/partidas/0a5442e8/Sao-Paulo-Cruzeiro-2024Junho2-Serie-A
7,dom,2024-06-02,18:30,Fortaleza,1.3,1–0,0.7,Ath Paranaense,12.191,Estádio Municipal Presidente Getúlio Var...,,Relatório da Partida,,/pt/partidas/3132e57e/Fortaleza-Athletico-Paranaense-2024Junho2-Serie-A
7,sáb,2024-06-01,21:00,Corinthians,0.7,0–1,1.1,Botafogo (RJ),41.281,Neo Química Arena,,Relatório da Partida,,/pt/partidas/dd86edfe/Corinthians-Botafogo-RJ-2024Junho1-Serie-A
2,qua,2024-06-05,19:00,Cuiabá,0.4,0–0,1.0,Vitória,3.614,Arena Pantanal,,Relatório da Partida,,/pt/partidas/f22a2249/Cuiaba-Vitoria-2024Junho5-Serie-A
5,qua,2024-06-05,19:00,Juventude,1.3,1–0,1.6,Atl Goianiense,5.123,Estádio Alfredo Jaconi,,Relatório da Partida,,/pt/partidas/51c220ef/Juventude-Atletico-Goianiense-2024Junho5-Serie-A
6,dom,2024-06-09,16:00,Criciúma,1.8,2–5,1.5,Cuiabá,13.846,Estádio Heriberto Hülse,,Relatório da Partida,,/pt/partidas/dd01c27d/Criciuma-Cuiaba-2024Junho9-Serie-A
8,ter,2024-06-11,19:00,Juventude,0.7,1–1,0.5,Vitória,6.186,Estádio Alfredo Jaconi,,Relatório da Partida,,/pt/partidas/4a537b33/Juventude-Vitoria-2024Junho11-Serie-A
8,ter,2024-06-11,19:00,Atl Goianiense,3.1,2–2,0.4,Corinthians,1.208,Estádio Antônio Accioly,,Relatório da Partida,,/pt/partidas/9ece2587/Atletico-Goianiense-Corinthians-2024Junho11-Serie-A
8,ter,2024-06-11,20:00,Botafogo (RJ),1.7,1–0,0.2,Fluminense,27.239,Estádio Nilton Santos,,Relatório da Partida,,/pt/partidas/c607537a/Botafogo-RJ-Fluminense-2024Junho11-Serie-A
8,ter,2024-06-11,21:30,Red Bull Bragantino,1.2,1–2,1.0,Atlético Mineiro,4.617,Estádio Nabi Abi Chedid,,Relatório da Partida,,/pt/partidas/a451de49/Red-Bull-Bragantino-Atletico-Mineiro-2024Junho11-Serie-A
8,qui,2024-06-13,19:00,Cruzeiro,1.0,2–1,1.6,Cuiabá,26.595,Estádio Governador Magalhães Pinto,,Relatório da Partida,,/pt/partidas/35b9c8c7/Cruzeiro-Cuiaba-2024Junho13-Serie-A
8,qui,2024-06-13,20:00,Flamengo,1.0,2–1,1.0,Grêmio,51.785,Estadio Jornalista Mário Filho,,Relatório da Partida,,/pt/partidas/98b435e7/Flamengo-Gremio-2024Junho13-Serie-A
8,qui,2024-06-13,20:00,Internacional,0.2,0–0,0.7,São Paulo,17.987,Estádio Heriberto Hülse,,Relatório da Partida,,/pt/partidas/a847c862/Internacional-Sao-Paulo-2024Junho13-Serie-A
8,qui,2024-06-13,20:00,Ath Paranaense,2.6,3–1,1.4,Criciúma,23.424,Ligga Arena,,Relatório da Partida,,/pt/partidas/e3954d94/Athletico-Paranaense-Criciuma-2024Junho13-Serie-A
8,qui,2024-06-13,21:30,Bahia,1.4,1–0,1.2,Fortaleza,29.889,Itaipava Arena Fonte Nova,,Relatório da Partida,,/pt/partidas/930871d8/Bahia-Fortaleza-2024Junho13-Serie-A
8,qui,2024-06-13,21:30,Palmeiras,2.3,2–0,0.2,Vasco da Gama,37.641,Allianz Parque,,Relatório da Partida,,/pt/partidas/f17f40e0/Palmeiras-Vasco-da-Gama-2024Junho13-Serie-A
9,sáb,2024-06-15,18:30,Red Bull Bragantino,0.5,2–1,2.1,Juventude,3.338,Estádio Nabi Abi Chedid,,Relatório da Partida,,/pt/partidas/307328b7/Red-Bull-Bragantino-Juventude-2024Junho15-Serie-A
9,dom,2024-06-16,16:00,Vitória,1.5,2–1,1.2,Internacional,14.251,Estádio Manoel Barradas,,Relatório da Partida,,/pt/partidas/25aab3a0/Vitoria-Internacional-2024Junho16-Serie-A
9,dom,2024-06-16,16:00,Corinthians,0.9,2–2,0.9,São Paulo,46.129,Neo Química Arena,,Relatório da Partida,,/pt/partidas/46286d05/Classico-Majestoso-Corinthians-Sao-Paulo-2024Junho16-Serie-A
9,dom,2024-06-16,16:00,Ath Paranaense,1.8,1–1,0.6,Flamengo,38.641,Ligga Arena,,Relatório da Partida,,/pt/partidas/64a04e10/Athletico-Paranaense-Flamengo-2024Junho16-Serie-A
9,dom,2024-06-16,17:30,Cuiabá,3.6,5–0,0.1,Fortaleza,4.474,Arena Pantanal,,Relatório da Partida,,/pt/partidas/4ebfaebd/Cuiaba-Fortaleza-2024Junho16-Serie-A
9,dom,2024-06-16,18:30,Criciúma,1.9,2–2,0.8,Bahia,8.661,Estádio Heriberto Hülse,,Relatório da Partida,,/pt/partidas/391366f7/Criciuma-Bahia-2024Junho16-Serie-A
9,dom,2024-06-16,18:30,Grêmio,1.0,1–2,0.7,Botafogo (RJ),15.595,Estádio Kleber José de Andrade,,Relatório da Partida,,/pt/partidas/4257cbc2/Gremio-Botafogo-RJ-2024Junho16-Serie-A
9,dom,2024-06-16,18:30,Vasco da Gama,1.0,0–0,0.2,Cruzeiro,11.275,Estádio Club de Regatas Vasco da Gama,,Relatório da Partida,,/pt/partidas/a9931e51/Vasco-da-Gama-Cruzeiro-2024Junho16-Serie-A
9,sáb,2024-06-15,21:00,Fluminense,0.7,1–2,1.8,Atl Goianiense,14.485,Estadio Jornalista Mário Filho,,Relatório da Partida,,/pt/partidas/29cda5d2/Fluminense-Atletico-Goianiense-2024Junho15-Serie-A
9,seg,2024-06-17,20:30,Atlético Mineiro,0.4,0–4,2.8,Palmeiras,28.251,Arena MRV,,Relatório da Partida,,/pt/partidas/1c9d1b2d/Atletico-Mineiro-Palmeiras-2024Junho17-Serie-A
10,qua,2024-06-19,19:00,Atl Goianiense,0.6,1–2,1.4,Criciúma,6.478,Estádio Antônio Accioly,,Relatório da Partida,,/pt/partidas/1a19415b/Atletico-Goianiense-Criciuma-2024Junho19-Serie-A
10,qua,2024-06-19,19:00,Botafogo (RJ),0.6,1–1,1.5,Ath Paranaense,19.589,Estádio Nilton Santos,,Relatório da Partida,,/pt/partidas/9c325553/Botafogo-RJ-Athletico-Paranaense-2024Junho19-Serie-A
10,qua,2024-06-19,20:00,Fortaleza,1.7,1–0,1.0,Grêmio,16.935,Estádio Castelão,,Relatório da Partida,,/pt/partidas/081091ac/Fortaleza-Gremio-2024Junho19-Serie-A
10,qua,2024-06-19,20:00,São Paulo,0.9,0–1,0.5,Cuiabá,33.586,Estádio do Morumbi,,Relatório da Partida,,/pt/partidas/a63c79b5/Sao-Paulo-Cuiaba-2024Junho19-Serie-A
10,qua,2024-06-19,20:00,Juventude,1.3,2–0,0.3,Vasco da Gama,4.838,Estádio Alfredo Jaconi,,Relatório da Partida,,/pt/partidas/d0569570/Juventude-Vasco-da-Gama-2024Junho19-Serie-A
10,qui,2024-06-20,18:30,Vitória,1.5,4–2,1.9,Atlético Mineiro,15.044,Estádio Manoel Barradas,,Relatório da Partida,,/pt/partidas/30eb9fe9/Vitoria-Atletico-Mineiro-2024Junho20-Serie-A
10,qui,2024-06-20,20:00,Flamengo,1.1,2–1,0.8,Bahia,49.909,Estadio Jornalista Mário Filho,,Relatório da Partida,,/pt/partidas/ae4b29ce/Flamengo-Bahia-2024Junho20-Serie-A
10,qua,2024-06-19,21:30,Internacional,0.5,1–0,0.8,Corinthians,14.447,Estádio Orlando Scarpelli,,Relatório da Partida,,/pt/partidas/06841ffb/Internacional-Corinthians-2024Junho19-Serie-A
10,qua,2024-06-19,21:30,Cruzeiro,1.8,2–0,0.3,Fluminense,28.812,Estádio Governador Magalhães Pinto,,Relatório da Partida,,/pt/partidas/324bf54d/Cruzeiro-Fluminense-2024Junho19-Serie-A
10,qui,2024-06-20,21:30,Palmeiras,3.1,2–1,1.4,Red Bull Bragantino,29.119,Allianz Parque,,Relatório da Partida,,/pt/partidas/7b1bef73/Palmeiras-Red-Bull-Bragantino-2024Junho20-Serie-A
11,sáb,2024-06-22,16:00,Criciúma,1.3,2–1,0.7,Botafogo (RJ),16.256,Estádio Heriberto Hülse,,Relatório da Partida,,/pt/partidas/ef21323a/Criciuma-Botafogo-RJ-2024Junho22-Serie-A
11,sáb,2024-06-22,17:30,Cuiabá,0.9,0–0,0.8,Atl Goianiense,4.635,Arena Pantanal,,Relatório da Partida,,/pt/partidas/134bd2e7/Cuiaba-Atletico-Goianiense-2024Junho22-Serie-A
11,sáb,2024-06-22,17:30,Grêmio,0.5,0–1,1.1,Internacional,27.961,Estádio Major Antônio Couto Pereira,,Relatório da Partida,,/pt/partidas/16c8a020/Gremio-Internacional-2024Junho22-Serie-A
11,dom,2024-06-23,16:00,Fluminense,0.3,0–1,2.0,Flamengo,57.098,Estadio Jornalista Mário Filho,,Relatório da Partida,,/pt/partidas/2710ddc4/Fluminense-Flamengo-2024Junho23-Serie-A
11,dom,2024-06-23,16:00,Bahia,2.5,4–1,0.7,Cruzeiro,35.541,Itaipava Arena Fonte Nova,,Relatório da Partida,,/pt/partidas/4afab374/Bahia-Cruzeiro-2024Junho23-Serie-A
11,dom,2024-06-23,16:00,Ath Paranaense,1.4,1–1,1.2,Corinthians,34.682,Ligga Arena,,Relatório da Partida,,/pt/partidas/9f68e36c/Athletico-Paranaense-Corinthians-2024Junho23-Serie-A
11,dom,2024-06-23,18:30,Atlético Mineiro,0.9,1–1,1.3,Fortaleza,20.089,Arena MRV,,Relatório da Partida,,/pt/partidas/31001bc3/Atletico-Mineiro-Fortaleza-2024Junho23-Serie-A
11,dom,2024-06-23,18:30,Palmeiras,2.9,3–1,1.4,Juventude,38.258,Allianz Parque,,Relatório da Partida,,/pt/partidas/6c5678df/Palmeiras-Juventude-2024Junho23-Serie-A
11,dom,2024-06-23,18:30,Red Bull Bragantino,1.4,2–1,0.7,Vitória,4.426,Estádio Nabi Abi Chedid,,Relatório da Partida,,/pt/partidas/93b80bf5/Red-Bull-Bragantino-Vitoria-2024Junho23-Serie-A
11,sáb,2024-06-22,21:30,Vasco da Gama,1.3,4–1,0.4,São Paulo,4.897,Estádio Club de Regatas Vasco da Gama,,Relatório da Partida,,/pt/partidas/57771a62/Vasco-da-Gama-Sao-Paulo-2024Junho22-Serie-A
12,qua,2024-06-26,19:00,Botafogo (RJ),0.6,2–1,1.5,Red Bull Bragantino,13.333,Estádio Nilton Santos,,Relatório da Partida,,/pt/partidas/00bd5d37/Botafogo-RJ-Red-Bull-Bragantino-2024Junho26-Serie-A
12,qua,2024-06-26,19:00,Cruzeiro,1.9,2–0,0.7,Ath Paranaense,26.465,Estádio Governador Magalhães Pinto,,Relatório da Partida,,/pt/partidas/83e0aea0/Cruzeiro-Athletico-Paranaense-2024Junho26-Serie-A
12,qua,2024-06-26,20:00,Juventude,2.2,2–1,1.6,Flamengo,12.675,Estádio Alfredo Jaconi,,Relatório da Partida,,/pt/partidas/0fd769cc/Juventude-Flamengo-2024Junho26-Serie-A
12,qua,2024-06-26,20:00,Atl Goianiense,1.7,1–1,0.4,Grêmio,7.319,Estádio Antônio Accioly,,Relatório da Partida,,/pt/partidas/4ad7fbcc/Atletico-Goianiense-Gremio-2024Junho26-Serie-A
12,qua,2024-06-26,20:00,Corinthians,1.1,1–1,1.7,Cuiabá,38.475,Neo Química Arena,,Relatório da Partida,,/pt/partidas/7ff3c7d6/Corinthians-Cuiaba-2024Junho26-Serie-A
12,qui,2024-06-27,19:00,Fluminense,0.3,0–1,0.5,Vitória,24.269,Estadio Jornalista Mário Filho,,Relatório da Partida,,/pt/partidas/a15030a1/Fluminense-Vitoria-2024Junho27-Serie-A
12,qui,2024-06-27,20:00,São Paulo,0.5,2–1,1.5,Criciúma,28.008,Estádio do Morumbi,,Relatório da Partida,,/pt/partidas/0f056001/Sao-Paulo-Criciuma-2024Junho27-Serie-A
12,qua,2024-06-26,21:30,Bahia,2.5,2–1,1.5,Vasco da Gama,38.318,Itaipava Arena Fonte Nova,,Relatório da Partida,,/pt/partidas/0d6673b1/Bahia-Vasco-da-Gama-2024Junho26-Serie-A
12,qua,2024-06-26,21:30,Internacional,1.7,1–2,1.4,Atlético Mineiro,9.978,Estádio Heriberto Hülse,,Relatório da Partida,,/pt/partidas/2895ef08/Internacional-Atletico-Mineiro-2024Junho26-Serie-A
12,qua,2024-06-26,21:30,Fortaleza,1.0,3–0,1.2,Palmeiras,28.613,Estádio Castelão,,Relatório da Partida,,/pt/partidas/ec9e81b1/Fortaleza-Palmeiras-2024Junho26-Serie-A
13,sáb,2024-06-29,17:30,Cuiabá,0.2,1–1,0.3,Red Bull Bragantino,5.024,Arena Pantanal,,Relatório da Partida,,/pt/partidas/44acb90c/Cuiaba-Red-Bull-Bragantino-2024Junho29-Serie-A
13,sáb,2024-06-29,18:30,Vasco da Gama,0.5,1–1,0.5,Botafogo (RJ),15.593,Estádio Club de Regatas Vasco da Gama,,Relatório da Partida,,/pt/partidas/f8fdc399/Vasco-da-Gama-Botafogo-RJ-2024Junho29-Serie-A
13,dom,2024-06-30,11:00,Atlético Mineiro,0.7,1–1,1.2,Atl Goianiense,36.099,Arena MRV,,Relatório da Partida,,/pt/partidas/56af3243/Atletico-Mineiro-Atletico-Goianiense-2024Junho30-Serie-A
13,dom,2024-06-30,16:00,São Paulo,1.2,3–1,1.0,Bahia,28.008,Estádio do Morumbi,,Relatório da Partida,,/pt/partidas/4556317d/Sao-Paulo-Bahia-2024Junho30-Serie-A
13,dom,2024-06-30,16:00,Fortaleza,2.6,2–1,1.1,Juventude,33.717,Estádio Castelão,,Relatório da Partida,,/pt/partidas/7f6df1bb/Fortaleza-Juventude-2024Junho30-Serie-A
13,dom,2024-06-30,16:00,Grêmio,1.0,1–0,0.5,Fluminense,8.549,Estádio Francisco Stédile,,Relatório da Partida,,/pt/partidas/a8d11509/Gremio-Fluminense-2024Junho30-Serie-A
13,dom,2024-06-30,18:30,Flamengo,0.6,2–1,0.6,Cruzeiro,52.768,Estadio Jornalista Mário Filho,,Relatório da Partida,,/pt/partidas/8b8dd0f5/Flamengo-Cruzeiro-2024Junho30-Serie-A
13,dom,2024-06-30,18:30,Criciúma,1.0,1–1,1.2,Internacional,14.946,Estádio Heriberto Hülse,,Relatório da Partida,,/pt/partidas/9f18fad7/Criciuma-Internacional-2024Junho30-Serie-A
13,dom,2024-06-30,18:30,Vitória,1.0,0–1,0.9,Ath Paranaense,20.376,Estádio Manoel Barradas,,Relatório da Partida,,/pt/partidas/c0218242/Vitoria-Athletico-Paranaense-2024Junho30-Serie-A
13,seg,2024-07-01,20:00,Palmeiras,1.0,2–0,0.9,Corinthians,41.175,Allianz Parque,,Relatório da Partida,,/pt/partidas/e89f509a/Palmeiras-Corinthians-2024Julho1-Serie-A
14,qua,2024-07-03,18:00,Cuiabá,1.6,1–2,0.8,Botafogo (RJ),,Arena Pantanal,,Relatório da Partida,,/pt/partidas/eda9a9d8/Cuiaba-Botafogo-RJ-2024Julho3-Serie-A
14,qua,2024-07-03,20:00,Vasco da Gama,1.8,2–0,0.5,Fortaleza,,Estádio Club de Regatas Vasco da Gama,,Relatório da Partida,,/pt/partidas/2d965d43/Vasco-da-Gama-Fortaleza-2024Julho3-Serie-A
14,qua,2024-07-03,20:00,Criciúma,1.5,1–0,1.1,Cruzeiro,,Estádio Heriberto Hülse,,Relatório da Partida,,/pt/partidas/bcdf6fef/Criciuma-Cruzeiro-2024Julho3-Serie-A
14,qui,2024-07-04,19:00,Grêmio,2.2,2–2,2.3,Palmeiras,,Estádio Francisco Stédile,,Relatório da Partida,,/pt/partidas/4c989da3/Gremio-Palmeiras-2024Julho4-Serie-A
14,qui,2024-07-04,19:00,Bahia,1.8,2–0,0.7,Juventude,40.442,Itaipava Arena Fonte Nova,,Relatório da Partida,,/pt/partidas/c529021c/Bahia-Juventude-2024Julho4-Serie-A
14,qui,2024-07-04,20:00,Corinthians,0.6,3–2,1.9,Vitória,,Neo Química Arena,,Relatório da Partida,,/pt/partidas/c7f01a78/Corinthians-Vitoria-2024Julho4-Serie-A
14,qui,2024-07-04,20:00,Fluminense,0.3,1–1,0.7,Internacional,,Estadio Jornalista Mário Filho,,Relatório da Partida,,/pt/partidas/db28e378/Fluminense-Internacional-2024Julho4-Serie-A
14,qua,2024-07-03,21:30,Ath Paranaense,0.4,1–2,1.6,São Paulo,,Ligga Arena,,Relatório da Partida,,/pt/partidas/5d6f4b6b/Athletico-Paranaense-Sao-Paulo-2024Julho3-Serie-A
14,qua,2024-07-03,21:30,Red Bull Bragantino,1.6,3–1,0.7,Atl Goianiense,,Estádio Nabi Abi Chedid,,Relatório da Partida,,/pt/partidas/981e26b6/Red-Bull-Bragantino-Atletico-Goianiense-2024Julho3-Serie-A
14,qua,2024-07-03,21:30,Atlético Mineiro,2.4,2–4,2.1,Flamengo,,Arena MRV,,Relatório da Partida,,/pt/partidas/dd8e8da8/Atletico-Mineiro-Flamengo-2024Julho3-Serie-A
15,sáb,2024-07-06,20:00,Flamengo,1.4,1–1,0.8,Cuiabá,,Estadio Jornalista Mário Filho,,Relatório da Partida,,/pt/partidas/26310ed9/Flamengo-Cuiaba-2024Julho6-Serie-A
15,sáb,2024-07-06,20:00,São Paulo,1.9,2–0,0.9,Red Bull Bragantino,,Estádio do Morumbi,,Relatório da Partida,,/pt/partidas/86a1d64d/Sao-Paulo-Red-Bull-Bragantino-2024Julho6-Serie-A
15,dom,2024-07-07,16:00,Fortaleza,2.0,1–0,0.3,Fluminense,,Estádio Castelão,,Relatório da Partida,,/pt/partidas/3672f0cf/Fortaleza-Fluminense-2024Julho7-Serie-A
15,dom,2024-07-07,16:00,Juventude,1.7,3–0,0.8,Grêmio,,Estádio Alfredo Jaconi,,Relatório da Partida,,/pt/partidas/a150942f/Juventude-Gremio-2024Julho7-Serie-A
15,dom,2024-07-07,16:00,Cruzeiro,1.5,3–0,1.1,Corinthians,,Estádio Governador Magalhães Pinto,,Relatório da Partida,,/pt/partidas/ddff9788/Cruzeiro-Corinthians-2024Julho7-Serie-A
15,dom,2024-07-07,18:00,Internacional,1.3,1–2,0.7,Vasco da Gama,,Estádio José Pinheiro Borba,,Relatório da Partida,,/pt/partidas/463057f1/Internacional-Vasco-da-Gama-2024Julho7-Serie-A
15,dom,2024-07-07,18:30,Atl Goianiense,0.7,1–2,1.0,Ath Paranaense,,Estádio Antônio Accioly,,Relatório da Partida,,/pt/partidas/c4d413bf/Atletico-Goianiense-Athletico-Paranaense-2024Julho7-Serie-A
15,dom,2024-07-07,18:30,Palmeiras,0.9,2–0,1.9,Bahia,,Allianz Parque,,Relatório da Partida,,/pt/partidas/cf1bcd5e/Palmeiras-Bahia-2024Julho7-Serie-A
15,dom,2024-07-07,18:30,Vitória,1.6,2–1,1.0,Criciúma,,Estádio Manoel Barradas,,Relatório da Partida,,/pt/partidas/e777d3dc/Vitoria-Criciuma-2024Julho7-Serie-A
15,dom,2024-07-07,20:30,Botafogo (RJ),1.1,3–0,0.2,Atlético Mineiro,,Estádio Nilton Santos,,Relatório da Partida,,/pt/partidas/76d329cb/Botafogo-RJ-Atletico-Mineiro-2024Julho7-Serie-A
16,qua,2024-07-10,18:30,Grêmio,1.0,0–2,1.0,Cruzeiro,,Estádio Francisco Stédile,,Relatório da Partida,,/pt/partidas/5b7823ea/Gremio-Cruzeiro-2024Julho10-Serie-A
16,qua,2024-07-10,19:00,Ath Paranaense,1.9,1–3,1.3,Bahia,,Ligga Arena,,Relatório da Partida,,/pt/partidas/2330ae6e/Athletico-Paranaense-Bahia-2024Julho10-Serie-A
16,qua,2024-07-10,19:00,Vasco da Gama,0.9,2–0,0.4,Corinthians,,Estádio Club de Regatas Vasco da Gama,,Relatório da Partida,,/pt/partidas/f260927e/Vasco-da-Gama-Corinthians-2024Julho10-Serie-A
16,qui,2024-07-11,19:30,Palmeiras,3.3,3–1,0.5,Atl Goianiense,,Allianz Parque,,Relatório da Partida,,/pt/partidas/0523260c/Palmeiras-Atletico-Goianiense-2024Julho11-Serie-A
16,qui,2024-07-11,20:00,Flamengo,2.0,1–2,0.4,Fortaleza,,Estadio Jornalista Mário Filho,,Relatório da Partida,,/pt/partidas/1d899c19/Flamengo-Fortaleza-2024Julho11-Serie-A
16,qui,2024-07-11,20:00,Criciúma,1.1,1–1,2.1,Fluminense,,Estádio Heriberto Hülse,,Relatório da Partida,,/pt/partidas/d6018c14/Criciuma-Fluminense-2024Julho11-Serie-A
16,qui,2024-07-11,21:30,Vitória,1.0,0–1,2.1,Botafogo (RJ),,Estádio Manoel Barradas,,Relatório da Partida,,/pt/partidas/945b07dc/Vitoria-Botafogo-RJ-2024Julho11-Serie-A
16,qui,2024-07-11,21:30,Atlético Mineiro,0.6,2–1,1.4,São Paulo,,Arena MRV,,Relatório da Partida,,/pt/partidas/e68fc471/Atletico-Mineiro-Sao-Paulo-2024Julho11-Serie-A
17,sáb,2024-07-13,16:00,Cruzeiro,1.4,2–1,0.8,Red Bull Bragantino,,Estádio Raimundo Sampaio,,Relatório da Partida,,/pt/partidas/16b782fd/Cruzeiro-Red-Bull-Bragantino-2024Julho13-Serie-A
17,sáb,2024-07-13,16:00,Bahia,0.9,1–2,1.2,Cuiabá,,Itaipava Arena Fonte Nova,,Relatório da Partida,,/pt/partidas/96dab114/Bahia-Cuiaba-2024Julho13-Serie-A
17,ter,2024-07-16,19:00,Juventude,0.9,1–1,1.8,Atlético Mineiro,,Estádio Nacional de Brasília,,Relatório da Partida,,/pt/partidas/8cd99c81/Juventude-Atletico-Mineiro-2024Julho16-Serie-A
17,qua,2024-07-17,19:00,Atl Goianiense,0.9,0–1,1.2,Vasco da Gama,,Estádio Antônio Accioly,,Relatório da Partida,,/pt/partidas/c20dad05/Atletico-Goianiense-Vasco-da-Gama-2024Julho17-Serie-A
17,qua,2024-07-17,20:00,São Paulo,0.9,1–0,1.4,Grêmio,,Estádio do Morumbi,,Relatório da Partida,,/pt/partidas/1662bfc9/Sao-Paulo-Gremio-2024Julho17-Serie-A
17,ter,2024-07-16,21:00,Corinthians,0.7,2–1,1.2,Criciúma,43.241,Neo Química Arena,,Relatório da Partida,,/pt/partidas/4e96eb28/Corinthians-Criciuma-2024Julho16-Serie-A
17,qua,2024-07-17,21:30,Fortaleza,2.0,3–1,1.3,Vitória,,Estádio Castelão,,Relatório da Partida,,/pt/partidas/d828c590/Fortaleza-Vitoria-2024Julho17-Serie-A
17,qua,2024-07-17,21:30,Botafogo (RJ),1.8,1–0,1.2,Palmeiras,,Estádio Nilton Santos,,Relatório da Partida,,/pt/partidas/f2802382/Botafogo-RJ-Palmeiras-2024Julho17-Serie-A
18,sáb,2024-07-20,16:00,Flamengo,2.4,2–1,1.2,Criciúma,,Estádio Nacional de Brasília,,Relatório da Partida,,/pt/partidas/7aa9d167/Flamengo-Criciuma-2024Julho20-Serie-A
18,sáb,2024-07-20,18:30,Botafogo (RJ),0.5,1–0,0.7,Internacional,,Estádio Nilton Santos,,Relatório da Partida,,/pt/partidas/18ff17dd/Botafogo-RJ-Internacional-2024Julho20-Serie-A
18,dom,2024-07-21,11:00,Grêmio,1.4,2–0,0.2,Vitória,,Estádio Francisco Stédile,,Relatório da Partida,,/pt/partidas/58dfa833/Gremio-Vitoria-2024Julho21-Serie-A
18,dom,2024-07-21,16:00,Bahia,1.3,0–1,0.3,Corinthians,48.346,Itaipava Arena Fonte Nova,,Relatório da Partida,,/pt/partidas/1534c147/Bahia-Corinthians-2024Julho21-Serie-A
18,dom,2024-07-21,16:00,Atlético Mineiro,2.2,2–0,0.6,Vasco da Gama,42.353,Arena MRV,,Relatório da Partida,,/pt/partidas/57c57174/Atletico-Mineiro-Vasco-da-Gama-2024Julho21-Serie-A
18,dom,2024-07-21,18:30,Red Bull Bragantino,0.8,1–0,1.4,Ath Paranaense,4.423,Estádio Nabi Abi Chedid,,Relatório da Partida,,/pt/partidas/658eff3c/Red-Bull-Bragantino-Athletico-Paranaense-2024Julho21-Serie-A
18,dom,2024-07-21,18:30,Fortaleza,1.6,3–1,0.7,Atl Goianiense,,Estádio Castelão,,Relatório da Partida,,/pt/partidas/7ed52b26/Fortaleza-Atletico-Goianiense-2024Julho21-Serie-A
18,dom,2024-07-21,18:30,Juventude,0.8,0–0,0.5,São Paulo,,Estádio Nacional de Brasília,,Relatório da Partida,,/pt/partidas/e4fcb89c/Juventude-Sao-Paulo-2024Julho21-Serie-A
18,dom,2024-07-21,19:00,Cuiabá,0.6,0–1,1.3,Fluminense,,Arena Pantanal,,Relatório da Partida,,/pt/partidas/cedc908c/Cuiaba-Fluminense-2024Julho21-Serie-A
18,sáb,2024-07-20,21:00,Palmeiras,1.3,2–0,0.6,Cruzeiro,,Allianz Parque,,Relatório da Partida,,/pt/partidas/ae87e6ed/Palmeiras-Cruzeiro-2024Julho20-Serie-A
3,qua,2024-07-24,19:00,Criciúma,0.5,1–1,1.6,Fortaleza,,Estádio Heriberto Hülse,,Relatório da Partida,,/pt/partidas/39ce100c/Criciuma-Fortaleza-2024Julho24-Serie-A
19,qua,2024-07-24,19:00,Cruzeiro,2.4,2–0,0.9,Juventude,,Estádio Governador Magalhães Pinto,,Relatório da Partida,,/pt/partidas/4293655d/Cruzeiro-Juventude-2024Julho24-Serie-A
19,qua,2024-07-24,19:30,São Paulo,2.0,2–2,1.7,Botafogo (RJ),,Estádio do Morumbi,,Relatório da Partida,,/pt/partidas/4c0485f1/Sao-Paulo-Botafogo-RJ-2024Julho24-Serie-A
19,qua,2024-07-24,20:00,Vitória,1.4,1–2,1.0,Flamengo,,Estádio Manoel Barradas,,Relatório da Partida,,/pt/partidas/271e5c00/Vitoria-Flamengo-2024Julho24-Serie-A
19,qui,2024-07-25,20:00,Corinthians,1.6,2–2,0.9,Grêmio,45.183,Neo Química Arena,,Relatório da Partida,,/pt/partidas/00062d3c/Corinthians-Gremio-2024Julho25-Serie-A
19,qua,2024-07-24,21:30,Atl Goianiense,1.1,1–1,0.8,Bahia,,Estádio Antônio Accioly,,Relatório da Partida,,/pt/partidas/4718c1cd/Atletico-Goianiense-Bahia-2024Julho24-Serie-A
19,qua,2024-07-24,21:30,Fluminense,1.0,1–0,0.1,Palmeiras,,Estadio Jornalista Mário Filho,,Relatório da Partida,,/pt/partidas/fcb3a1d2/Fluminense-Palmeiras-2024Julho24-Serie-A
20,sáb,2024-07-27,19:00,Palmeiras,0.8,0–2,0.6,Vitória,,Allianz Parque,,Relatório da Partida,,/pt/partidas/884db190/Palmeiras-Vitoria-2024Julho27-Serie-A
20,sáb,2024-07-27,19:00,Juventude,0.5,1–2,1.7,Criciúma,,Estádio Alfredo Jaconi,,Relatório da Partida,,/pt/partidas/b4a136d6/Juventude-Criciuma-2024Julho27-Serie-A
20,sáb,2024-07-27,20:00,Bahia,0.9,1–1,1.5,Internacional,,Itaipava Arena Fonte Nova,,Relatório da Partida,,/pt/partidas/06a41b67/Bahia-Internacional-2024Julho27-Serie-A
20,dom,2024-07-28,11:00,Red Bull Bragantino,0.4,0–1,0.8,Fluminense,7.304,Estádio Nabi Abi Chedid,,Relatório da Partida,,/pt/partidas/cb781e8a/Red-Bull-Bragantino-Fluminense-2024Julho28-Serie-A
20,dom,2024-07-28,16:00,Flamengo,1.3,2–0,0.4,Atl Goianiense,61.883,Estadio Jornalista Mário Filho,,Relatório da Partida,,/pt/partidas/fe7b7eb3/Flamengo-Atletico-Goianiense-2024Julho28-Serie-A
20,dom,2024-07-28,18:00,Cuiabá,1.5,1–2,2.1,Ath Paranaense,4.452,Arena Pantanal,,Relatório da Partida,,/pt/partidas/c0e77847/Cuiaba-Athletico-Paranaense-2024Julho28-Serie-A
20,dom,2024-07-28,19:00,Atlético Mineiro,1.9,2–1,1.1,Corinthians,,Arena MRV,,Relatório da Partida,,/pt/partidas/6b6915a6/Atletico-Mineiro-Corinthians-2024Julho28-Serie-A
20,dom,2024-07-28,19:00,Grêmio,1.7,1–0,0.9,Vasco da Gama,,Arena Condá,,Relatório da Partida,,/pt/partidas/79177145/Gremio-Vasco-da-Gama-2024Julho28-Serie-A
20,sáb,2024-07-27,21:30,Botafogo (RJ),2.2,0–3,0.6,Cruzeiro,,Estádio Nilton Santos,,Relatório da Partida,,/pt/partidas/e929d90c/Botafogo-RJ-Cruzeiro-2024Julho27-Serie-A
20,sáb,2024-07-27,21:30,Fortaleza,1.3,1–0,0.6,São Paulo,41.322,Estádio Castelão,,Relatório da Partida,,/pt/partidas/f514c298/Fortaleza-Sao-Paulo-2024Julho27-Serie-A
21,sáb,2024-08-03,16:00,Vitória,1.6,1–0,0.8,Cuiabá,,Estádio Manoel Barradas,,Relatório da Partida,,/pt/partidas/8746caf6/Vitoria-Cuiaba-2024Agosto3-Serie-A
21,sáb,2024-08-03,19:00,Vasco da Gama,0.8,2–2,1.3,Red Bull Bragantino,,Estádio Club de Regatas Vasco da Gama,,Relatório da Partida,,/pt/partidas/4348e241/Vasco-da-Gama-Red-Bull-Bragantino-2024Agosto3-Serie-A
21,sáb,2024-08-03,20:00,Atl Goianiense,1.2,1–4,3.1,Botafogo (RJ),,Estádio Antônio Accioly,,Relatório da Partida,,/pt/partidas/c1cfad94/Atletico-Goianiense-Botafogo-RJ-2024Agosto3-Serie-A
21,sáb,2024-08-03,20:00,Criciúma,1.2,2–1,1.4,Atlético Mineiro,15.642,Estádio Heriberto Hülse,,Relatório da Partida,,/pt/partidas/e4bd97f5/Criciuma-Atletico-Mineiro-2024Agosto3-Serie-A
21,dom,2024-08-04,16:00,Fluminense,1.1,1–0,1.7,Bahia,,Estadio Jornalista Mário Filho,,Relatório da Partida,,/pt/partidas/84ad3b2c/Fluminense-Bahia-2024Agosto4-Serie-A
21,dom,2024-08-04,16:00,Corinthians,2.4,1–1,0.7,Juventude,,Neo Química Arena,,Relatório da Partida,,/pt/partidas/8d8133f9/Corinthians-Juventude-2024Agosto4-Serie-A
21,dom,2024-08-04,16:00,Ath Paranaense,0.9,0–2,2.2,Grêmio,,Ligga Arena,,Relatório da Partida,,/pt/partidas/e4136a2b/Athletico-Paranaense-Gremio-2024Agosto4-Serie-A
21,dom,2024-08-04,17:00,Internacional,1.5,1–1,1.4,Palmeiras,,Estádio José Pinheiro Borba,,Relatório da Partida,,/pt/partidas/0ea5728b/Internacional-Palmeiras-2024Agosto4-Serie-A
21,sáb,2024-08-03,21:30,São Paulo,1.4,1–0,0.3,Flamengo,,Estádio do Morumbi,,Relatório da Partida,,/pt/partidas/03c34ee9/Sao-Paulo-Flamengo-2024Agosto3-Serie-A
21,seg,2024-08-05,21:00,Cruzeiro,0.8,1–2,1.1,Fortaleza,,Estádio Kleber José de Andrade,,Relatório da Partida,,/pt/partidas/ae2c8909/Cruzeiro-Fortaleza-2024Agosto5-Serie-A
22,sáb,2024-08-10,16:00,Fortaleza,1.9,1–0,0.8,Criciúma,,Estádio Castelão,,Relatório da Partida,,/pt/partidas/847a24c6/Fortaleza-Criciuma-2024Agosto10-Serie-A
22,sáb,2024-08-10,18:00,Cuiabá,0.5,1–3,1.4,Grêmio,,Arena Pantanal,,Relatório da Partida,,/pt/partidas/09ccc6cb/Cuiaba-Gremio-2024Agosto10-Serie-A
22,dom,2024-08-11,11:00,Juventude,1.7,3–2,1.8,Botafogo (RJ),,Estádio Alfredo Jaconi,,Relatório da Partida,,/pt/partidas/167fb7f9/Juventude-Botafogo-RJ-2024Agosto11-Serie-A
22,dom,2024-08-11,16:00,São Paulo,2.0,1–0,0.7,Atl Goianiense,46.600,Estádio do Morumbi,,Relatório da Partida,,/pt/partidas/2e98871f/Sao-Paulo-Atletico-Goianiense-2024Agosto11-Serie-A
22,dom,2024-08-11,16:00,Flamengo,1.0,1–1,1.3,Palmeiras,,Estadio Jornalista Mário Filho,,Relatório da Partida,,/pt/partidas/f7b319c1/Flamengo-Palmeiras-2024Agosto11-Serie-A
22,dom,2024-08-11,16:00,Bahia,0.6,2–0,1.0,Vitória,,Itaipava Arena Fonte Nova,,Relatório da Partida,,/pt/partidas/f9bd370e/Bahia-Vitoria-2024Agosto11-Serie-A
22,dom,2024-08-11,19:00,Internacional,2.5,2–2,1.3,Ath Paranaense,,Estádio José Pinheiro Borba,,Relatório da Partida,,/pt/partidas/054386b8/Internacional-Athletico-Paranaense-2024Agosto11-Serie-A
22,sáb,2024-08-10,21:30,Cruzeiro,0.3,0–0,0.6,Atlético Mineiro,,Estádio Governador Magalhães Pinto,,Relatório da Partida,,/pt/partidas/0da8aa4b/Cruzeiro-Atletico-Mineiro-2024Agosto10-Serie-A
22,sáb,2024-08-10,21:30,Corinthians,1.4,1–1,1.2,Red Bull Bragantino,,Neo Química Arena,,Relatório da Partida,,/pt/partidas/543a286f/Corinthians-Red-Bull-Bragantino-2024Agosto10-Serie-A
22,sáb,2024-08-10,21:30,Vasco da Gama,1.2,2–0,0.8,Fluminense,,Estádio Nilton Santos,,Relatório da Partida,,/pt/partidas/e8c91184/Vasco-da-Gama-Fluminense-2024Agosto10-Serie-A
6,qua,2024-08-14,19:30,Internacional,3.3,2–1,0.7,Juventude,,Estádio José Pinheiro Borba,,Relatório da Partida,,/pt/partidas/9f6a7147/Internacional-Juventude-2024Agosto14-Serie-A
23,sáb,2024-08-17,16:00,Atlético Mineiro,1.8,1–1,1.3,Cuiabá,,Arena MRV,,Relatório da Partida,,/pt/partidas/8a93999b/Atletico-Mineiro-Cuiaba-2024Agosto17-Serie-A
23,sáb,2024-08-17,16:00,Grêmio,1.2,0–2,1.7,Bahia,,Estádio Alfredo Jaconi,,Relatório da Partida,,/pt/partidas/d56320ae/Gremio-Bahia-2024Agosto17-Serie-A
23,sáb,2024-08-17,18:30,Red Bull Bragantino,2.2,1–2,1.9,Fortaleza,,Estádio Nabi Abi Chedid,,Relatório da Partida,,/pt/partidas/3f87541a/Red-Bull-Bragantino-Fortaleza-2024Agosto17-Serie-A
23,dom,2024-08-18,16:00,Criciúma,1.0,2–2,1.3,Vasco da Gama,,Estádio Heriberto Hülse,,Relatório da Partida,,/pt/partidas/12ad16ea/Criciuma-Vasco-da-Gama-2024Agosto18-Serie-A
23,dom,2024-08-18,16:00,Palmeiras,2.1,2–1,0.6,São Paulo,,Allianz Parque,,Relatório da Partida,,/pt/partidas/79a0b727/Palmeiras-Sao-Paulo-2024Agosto18-Serie-A
23,dom,2024-08-18,16:00,Atl Goianiense,0.7,1–0,1.9,Internacional,,Estádio Antônio Accioly,,Relatório da Partida,,/pt/partidas/917e890f/Atletico-Goianiense-Internacional-2024Agosto18-Serie-A
23,dom,2024-08-18,18:30,Ath Paranaense,1.5,1–2,1.1,Juventude,,Ligga Arena,,Relatório da Partida,,/pt/partidas/988ff3e3/Athletico-Paranaense-Juventude-2024Agosto18-Serie-A
23,dom,2024-08-18,18:30,Botafogo (RJ),3.3,4–1,0.8,Flamengo,,Estádio Nilton Santos,,Relatório da Partida,,/pt/partidas/ba80f8ac/Botafogo-RJ-Flamengo-2024Agosto18-Serie-A
23,sáb,2024-08-17,21:00,Fluminense,0.6,0–0,1.1,Corinthians,,Estadio Jornalista Mário Filho,,Relatório da Partida,,/pt/partidas/abab024d/Fluminense-Corinthians-2024Agosto17-Serie-A
23,seg,2024-08-19,20:00,Vitória,1.2,2–2,1.2,Cruzeiro,,Estádio Manoel Barradas,,Relatório da Partida,,/pt/partidas/884e2774/Vitoria-Cruzeiro-2024Agosto19-Serie-A
24,sáb,2024-08-24,16:00,Atl Goianiense,2.5,2–1,0.6,Juventude,,Estádio Antônio Accioly,,Relatório da Partida,,/pt/partidas/6fb2b1d3/Atletico-Goianiense-Juventude-2024Agosto24-Serie-A
24,sáb,2024-08-24,18:30,Palmeiras,2.6,5–0,0.8,Cuiabá,,Estádio Brinco de Ouro da Princesa,,Relatório da Partida,,/pt/partidas/693cf3cb/Palmeiras-Cuiaba-2024Agosto24-Serie-A
24,dom,2024-08-25,16:00,Criciúma,0.9,0–1,1.3,Grêmio,,Estádio Heriberto Hülse,,Relatório da Partida,,/pt/partidas/16714502/Criciuma-Gremio-2024Agosto25-Serie-A
24,dom,2024-08-25,16:00,Bahia,0.9,0–0,0.8,Botafogo (RJ),,Itaipava Arena Fonte Nova,,Relatório da Partida,,/pt/partidas/7f4e3af4/Bahia-Botafogo-RJ-2024Agosto25-Serie-A
24,dom,2024-08-25,16:00,Fortaleza,1.0,1–0,0.6,Corinthians,,Estádio Castelão,,Relatório da Partida,,/pt/partidas/c0a8d1ea/Fortaleza-Corinthians-2024Agosto25-Serie-A
24,dom,2024-08-25,18:30,São Paulo,0.6,2–1,1.2,Vitória,,Estádio do Morumbi,,Relatório da Partida,,/pt/partidas/79532d5b/Sao-Paulo-Vitoria-2024Agosto25-Serie-A
24,dom,2024-08-25,19:00,Internacional,2.6,1–0,0.2,Cruzeiro,,Estádio José Pinheiro Borba,,Relatório da Partida,,/pt/partidas/0064222d/Internacional-Cruzeiro-2024Agosto25-Serie-A
24,dom,2024-08-25,20:00,Flamengo,1.3,2–1,1.1,Red Bull Bragantino,,Estadio Jornalista Mário Filho,,Relatório da Partida,,/pt/partidas/268c1068/Flamengo-Red-Bull-Bragantino-2024Agosto25-Serie-A
24,sáb,2024-08-24,21:00,Atlético Mineiro,0.5,0–2,0.7,Fluminense,,Estádio Governador Magalhães Pinto,,Relatório da Partida,,/pt/partidas/0b5f6fda/Atletico-Mineiro-Fluminense-2024Agosto24-Serie-A
24,seg,2024-08-26,21:00,Vasco da Gama,0.7,2–1,0.7,Ath Paranaense,16.433,Estádio Club de Regatas Vasco da Gama,,Relatório da Partida,,/pt/partidas/c37ad833/Vasco-da-Gama-Athletico-Paranaense-2024Agosto26-Serie-A
5,qua,2024-08-28,19:30,Cruzeiro,1.7,0–0,0.0,Internacional,35.238,Estádio Governador Magalhães Pinto,,Relatório da Partida,,/pt/partidas/96cdceb8/Cruzeiro-Internacional-2024Agosto28-Serie-A
19,qua,2024-08-28,19:30,Criciúma,0.9,1–0,1.1,Red Bull Bragantino,,Estádio Heriberto Hülse,,Relatório da Partida,,/pt/partidas/5fe90dc4/Criciuma-Red-Bull-Bragantino-2024Agosto28-Serie-A
25,sáb,2024-08-31,17:30,Cuiabá,1.2,2–1,0.6,Criciúma,,Arena Pantanal,Rodrigo José Pereira de Lima,Relatório da Partida,,/pt/partidas/12d1e09f/Cuiaba-Criciuma-2024Agosto31-Serie-A
25,dom,2024-09-01,11:00,Cruzeiro,1.7,3–1,1.4,Atl Goianiense,,Estádio Governador Magalhães Pinto,Gustavo Ervino Bauermann,Relatório da Partida,,/pt/partidas/0e8cf33e/Cruzeiro-Atletico-Goianiense-2024Setembro1-Serie-A
25,dom,2024-09-01,11:00,Grêmio,2.0,2–3,2.8,Atlético Mineiro,,Arena do Grêmio,Raphael Claus,Relatório da Partida,,/pt/partidas/87ef338c/Gremio-Atletico-Mineiro-2024Setembro1-Serie-A
25,dom,2024-09-01,16:00,Corinthians,1.6,2–1,1.3,Flamengo,,Neo Química Arena,Ramon Abatti,Relatório da Partida,,/pt/partidas/c2e50275/Corinthians-Flamengo-2024Setembro1-Serie-A
25,dom,2024-09-01,18:30,Juventude,0.6,1–3,2.9,Internacional,,Estádio Alfredo Jaconi,Marcelo de Lima Henrique,Relatório da Partida,,/pt/partidas/1d332259/Juventude-Internacional-2024Setembro1-Serie-A
25,dom,2024-09-01,18:30,Ath Paranaense,0.9,0–2,3.0,Palmeiras,,Ligga Arena,Braulio Machado,Relatório da Partida,,/pt/partidas/9818b8f0/Athletico-Paranaense-Palmeiras-2024Setembro1-Serie-A
25,dom,2024-09-01,18:30,Fluminense,0.5,2–0,0.8,São Paulo,,Estadio Jornalista Mário Filho,Paulo Cesar Zanovelli da Silva,Relatório da Partida,,/pt/partidas/ba9764f8/Fluminense-Sao-Paulo-2024Setembro1-Serie-A
25,dom,2024-09-01,18:30,Vitória,1.4,0–1,0.4,Vasco da Gama,,Estádio Manoel Barradas,Luiz Flávio de Oliveira,Relatório da Partida,,/pt/partidas/c9178fde/Vitoria-Vasco-da-Gama-2024Setembro1-Serie-A
25,dom,2024-09-01,18:30,Red Bull Bragantino,1.0,2–1,0.8,Bahia,,Estádio Nabi Abi Chedid,Davi de Oliveira Lacerda,Relatório da Partida,,/pt/partidas/fa27d6de/Red-Bull-Bragantino-Bahia-2024Setembro1-Serie-A
25,sáb,2024-08-31,21:00,Botafogo (RJ),1.8,2–0,0.4,Fortaleza,,Estádio Nilton Santos,Flavio Rodrigues de Souza,Relatório da Partida,,/pt/partidas/fe3afc8c/Botafogo-RJ-Fortaleza-2024Agosto31-Serie-A
16,qui,2024-09-05,19:00,Cuiabá,0.7,0–0,0.6,Juventude,,Arena Pantanal,Felipe Fernandes de Lima,Relatório da Partida,,/pt/partidas/81ad2795/Cuiaba-Juventude-2024Setembro5-Serie-A
19,qua,2024-09-11,19:30,Internacional,1.7,2–1,1.1,Fortaleza,,Estádio José Pinheiro Borba,Gustavo Ervino Bauermann,Relatório da Partida,,/pt/partidas/73b22908/Internacional-Fortaleza-2024Setembro11-Serie-A
26,sáb,2024-09-14,16:00,Atl Goianiense,0.7,0–2,0.8,Vitória,,Estádio Antônio Accioly,Edina Alves,Relatório da Partida,,/pt/partidas/669c6eec/Atletico-Goianiense-Vitoria-2024Setembro14-Serie-A
26,sáb,2024-09-14,18:30,Ath Paranaense,2.9,1–1,1.1,Fortaleza,,Ligga Arena,Davi de Oliveira Lacerda,Relatório da Partida,,/pt/partidas/9ff2ccfb/Athletico-Paranaense-Fortaleza-2024Setembro14-Serie-A
26,dom,2024-09-15,16:00,Red Bull Bragantino,1.7,2–2,0.8,Grêmio,,Estádio Nabi Abi Chedid,Bruno Arleu,Relatório da Partida,,/pt/partidas/25d75bfc/Red-Bull-Bragantino-Gremio-2024Setembro15-Serie-A
26,dom,2024-09-15,16:00,Juventude,0.6,2–1,0.7,Fluminense,,Estádio Alfredo Jaconi,Flavio Rodrigues de Souza,Relatório da Partida,,/pt/partidas/d78f88f7/Juventude-Fluminense-2024Setembro15-Serie-A
26,dom,2024-09-15,16:00,Palmeiras,1.9,5–0,0.7,Criciúma,,Allianz Parque,Alex Gomes Stefano,Relatório da Partida,,/pt/partidas/f840653c/Palmeiras-Criciuma-2024Setembro15-Serie-A
26,dom,2024-09-15,18:30,Flamengo,2.1,1–1,1.0,Vasco da Gama,,Estadio Jornalista Mário Filho,Raphael Claus,Relatório da Partida,,/pt/partidas/19ccb168/Classico-dos-Milhoes-Flamengo-Vasco-da-Gama-2024Setembro15-Serie-A
26,dom,2024-09-15,18:30,Cruzeiro,0.6,0–1,1.1,São Paulo,,Estádio Governador Magalhães Pinto,Wilton Pereira Sampaio,Relatório da Partida,,/pt/partidas/24766b1d/Cruzeiro-Sao-Paulo-2024Setembro15-Serie-A
26,dom,2024-09-15,18:30,Bahia,1.1,3–0,0.6,Atlético Mineiro,,Itaipava Arena Fonte Nova,Rafael Rodrigo Klein,Relatório da Partida,,/pt/partidas/95664a87/Bahia-Atletico-Mineiro-2024Setembro15-Serie-A
26,sáb,2024-09-14,21:00,Botafogo (RJ),2.2,2–1,2.0,Corinthians,,Estádio Nilton Santos,Anderson Daronco,Relatório da Partida,,/pt/partidas/96c9cb35/Botafogo-RJ-Corinthians-2024Setembro14-Serie-A
26,seg,2024-09-16,20:00,Internacional,3.3,3–0,0.3,Cuiabá,,Estádio José Pinheiro Borba,Braulio Machado,Relatório da Partida,,/pt/partidas/d386688b/Internacional-Cuiaba-2024Setembro16-Serie-A
27,sáb,2024-09-21,16:00,Vitória,1.1,1–0,0.9,Juventude,,Estádio Manoel Barradas,Braulio Machado,Relatório da Partida,,/pt/partidas/9b226572/Vitoria-Juventude-2024Setembro21-Serie-A
27,sáb,2024-09-21,16:00,Corinthians,2.5,3–0,0.7,Atl Goianiense,46.001,Neo Química Arena,Bruno Arleu,Relatório da Partida,,/pt/partidas/aa0683d1/Corinthians-Atletico-Goianiense-2024Setembro21-Serie-A
27,sáb,2024-09-21,18:30,Fluminense,0.4,0–1,1.6,Botafogo (RJ),,Estadio Jornalista Mário Filho,Wilton Sampaio,Relatório da Partida,,/pt/partidas/64deb2a0/Fluminense-Botafogo-RJ-2024Setembro21-Serie-A
27,dom,2024-09-22,16:00,Vasco da Gama,0.3,0–1,1.4,Palmeiras,,Estádio Nacional de Brasília,Rafael Rodrigo Klein,Relatório da Partida,,/pt/partidas/cccfa1db/Vasco-da-Gama-Palmeiras-2024Setembro22-Serie-A
27,dom,2024-09-22,16:00,Atlético Mineiro,2.3,3–0,0.6,Red Bull Bragantino,,Arena MRV,Lucas Paulo Torezin,Relatório da Partida,,/pt/partidas/cd6767af/Atletico-Mineiro-Red-Bull-Bragantino-2024Setembro22-Serie-A
27,dom,2024-09-22,17:30,Cuiabá,0.4,0–0,0.9,Cruzeiro,,Arena Pantanal,Flavio Rodrigues de Souza,Relatório da Partida,,/pt/partidas/1c4268a0/Cuiaba-Cruzeiro-2024Setembro22-Serie-A
27,dom,2024-09-22,18:30,Grêmio,1.6,3–2,1.4,Flamengo,,Arena do Grêmio,Matheus Delgado Candançan,Relatório da Partida,,/pt/partidas/0a86cb63/Gremio-Flamengo-2024Setembro22-Serie-A
27,dom,2024-09-22,18:30,São Paulo,0.8,1–3,1.0,Internacional,,Estádio do Morumbi,Ramon Abatti,Relatório da Partida,,/pt/partidas/16602935/Sao-Paulo-Internacional-2024Setembro22-Serie-A
27,dom,2024-09-22,20:00,Criciúma,1.4,0–0,0.6,Ath Paranaense,,Estádio Heriberto Hülse,Anderson Daronco,Relatório da Partida,,/pt/partidas/babc88a6/Criciuma-Athletico-Paranaense-2024Setembro22-Serie-A
27,sáb,2024-09-21,21:00,Fortaleza,1.5,4–1,0.4,Bahia,,Estádio Castelão,Raphael Claus,Relatório da Partida,,/pt/partidas/0b1ee8dc/Fortaleza-Bahia-2024Setembro21-Serie-A
5,qua,2024-09-25,19:00,Grêmio,1.6,1–2,0.8,Criciúma,,Arena do Grêmio,Davi de Oliveira Lacerda,Relatório da Partida,,/pt/partidas/fbb40f13/Gremio-Criciuma-2024Setembro25-Serie-A
16,qua,2024-09-25,19:00,Red Bull Bragantino,1.1,2–2,2.2,Internacional,,Estádio Nabi Abi Chedid,Rodrigo José Pereira de Lima,Relatório da Partida,,/pt/partidas/0e53bd28/Red-Bull-Bragantino-Internacional-2024Setembro25-Serie-A
28,sáb,2024-09-28,18:30,Palmeiras,2.6,2–1,0.3,Atlético Mineiro,,Estádio Brinco de Ouro da Princesa,Bruno Arleu,Relatório da Partida,,/pt/partidas/b13912c8/Palmeiras-Atletico-Mineiro-2024Setembro28-Serie-A
28,dom,2024-09-29,11:00,Juventude,1.0,1–1,1.2,Red Bull Bragantino,,Estádio Alfredo Jaconi,Alex Gomes Stefano,Relatório da Partida,,/pt/partidas/71fc3558/Juventude-Red-Bull-Bragantino-2024Setembro29-Serie-A
28,dom,2024-09-29,16:00,Fortaleza,0.8,1–0,0.1,Cuiabá,,Estádio Castelão,Denis da Silva Ribeiro Serafim,Relatório da Partida,,/pt/partidas/4032bded/Fortaleza-Cuiaba-2024Setembro29-Serie-A
28,dom,2024-09-29,16:00,Atl Goianiense,1.4,1–0,1.5,Fluminense,,Estádio Antônio Accioly,Ramon Abatti,Relatório da Partida,,/pt/partidas/72e965ed/Atletico-Goianiense-Fluminense-2024Setembro29-Serie-A
28,dom,2024-09-29,16:00,São Paulo,2.7,3–1,0.7,Corinthians,,Estádio Nacional de Brasília,Rafael Rodrigo Klein,Relatório da Partida,,/pt/partidas/ac52cacc/Classico-Majestoso-Sao-Paulo-Corinthians-2024Setembro29-Serie-A
28,dom,2024-09-29,18:30,Cruzeiro,0.7,1–1,1.2,Vasco da Gama,,Estádio Governador Magalhães Pinto,Matheus Delgado Candançan,Relatório da Partida,,/pt/partidas/26feb496/Cruzeiro-Vasco-da-Gama-2024Setembro29-Serie-A
28,dom,2024-09-29,18:30,Internacional,2.3,3–1,0.7,Vitória,,Estádio José Pinheiro Borba,Wagner do Nascimento Magalhães,Relatório da Partida,,/pt/partidas/7b02ac23/Internacional-Vitoria-2024Setembro29-Serie-A
28,dom,2024-09-29,18:30,Bahia,2.4,1–0,0.1,Criciúma,,Itaipava Arena Fonte Nova,Edina Alves,Relatório da Partida,,/pt/partidas/b2e0b425/Bahia-Criciuma-2024Setembro29-Serie-A
28,dom,2024-09-29,20:00,Flamengo,0.7,1–0,0.4,Ath Paranaense,,Estadio Jornalista Mário Filho,Davi de Oliveira Lacerda,Relatório da Partida,,/pt/partidas/b3539655/Flamengo-Athletico-Paranaense-2024Setembro29-Serie-A
28,sáb,2024-09-28,21:00,Botafogo (RJ),1.0,0–0,0.7,Grêmio,,Estádio Nacional de Brasília,Maguielson Lima Barbosa,Relatório da Partida,,/pt/partidas/6549c685/Botafogo-RJ-Gremio-2024Setembro28-Serie-A
